{"assigned":[{"id":"5ad1c1a22f054","apath":"TENSES\/Pres_Simp_Cont_PastS_Pres_perf_2.json","atitle":"Tenses - four common tenses","userTipps":null,"correct":"-","date1":"2018-04-14","tipus":"1","viewed":"no","remarks":null,"message":null,"redo":"no","perf":0},{"id":"5ad1d8a3b636a","apath":"FUTURE\/BeGoingTo_Will_1.json","atitle":"Expressing Future - be going to or will","userTipps":null,"correct":"-","date1":"2018-04-14","tipus":"0","viewed":"no","remarks":null,"message":null,"redo":"no","perf":0},{"id":"5ad1d8a6e2913","apath":"FUTURE\/Will_prediction_1.json","atitle":"Expressing Future - will for prediction vs plans","userTipps":null,"correct":"-","date1":"2018-04-14","tipus":"0","viewed":"no","remarks":null,"message":null,"redo":"no","perf":0},{"id":"5ad1d8ae99ffb","apath":"GRAM6\/Passive_simp1.json","atitle":"Passive voice - 1","userTipps":null,"correct":"-","date1":"2018-04-14","tipus":6,"viewed":"no","remarks":null,"message":null,"redo":"no","perf":0},{"id":"5ad1d8b1af7b4","apath":"GRAM6\/Passive_simp2.json","atitle":"Passive voice - 2","userTipps":null,"correct":"-","date1":"2018-04-14","tipus":6,"viewed":"no","remarks":null,"message":null,"redo":"no","perf":0},{"id":"5ad1d8bf5c3f8","apath":"PAST_TENSES\/PastSimple_PastCont.json","atitle":"Past Simple or Past Continuous","userTipps":null,"correct":"-","date1":"2018-04-14","tipus":0,"viewed":"no","remarks":null,"message":null,"redo":"no","perf":0},{"id":"5ad1d8c2ed782","apath":"PAST_TENSES\/PAST_3_TENSES\/PastSimpContPerf_1.json","atitle":"Past Simple, Past Continuous or Past Perfect","userTipps":null,"correct":"-","date1":"2018-04-14","tipus":"0","viewed":"no","remarks":null,"message":null,"redo":"no","perf":0},{"id":"5ad1d8ca31686","apath":"PRESENT TENSES\/PresPERF_have_ever_1.json","atitle":"Present perfect - have you ever","userTipps":null,"correct":"-","date1":"2018-04-14","tipus":"1","viewed":"no","remarks":null,"message":null,"redo":"no","perf":0},{"id":"5ad1d8cdf341f","apath":"PRESENT TENSES\/PresPERF_have_ever_2.json","atitle":"Present perfect - have you ever","userTipps":null,"correct":"-","date1":"2018-04-14","tipus":"1","viewed":"no","remarks":null,"message":null,"redo":"no","perf":0},{"id":"5ad1d8d191716","apath":"PRESENT TENSES\/PresSimpVSCont_1.json","atitle":"Present Simple or Present Continuous","userTipps":null,"correct":"-","date1":"2018-04-14","tipus":1,"viewed":"no","remarks":null,"message":null,"redo":"no","perf":0},{"id":"5ad1d8d4bc610","apath":"PRESENT TENSES\/PresSimp_Cont_1.json","atitle":"Present Simple or Continuous","userTipps":null,"correct":"-","date1":"2018-04-14","tipus":"0","viewed":"no","remarks":null,"message":null,"redo":"no","perf":0},{"id":"5ad1d8d77f9ec","apath":"PRESENT TENSES\/PresSimp_Cont_2.json","atitle":"Present Simple or Continuous","userTipps":null,"correct":"-","date1":"2018-04-14","tipus":"1","viewed":"no","remarks":null,"message":null,"redo":"no","perf":0},{"id":"5ad1d8da2f57c","apath":"PRESENT TENSES\/PresSimp_Cont_3.json","atitle":"Present Simple or Continuous","userTipps":null,"correct":"-","date1":"2018-04-14","tipus":"1","viewed":"no","remarks":null,"message":null,"redo":"no","perf":0},{"id":"5ad1d8dcc01f9","apath":"PRESENT TENSES\/PresSimp_Cont_4.json","atitle":"Present Simple or Continuous","userTipps":null,"correct":"-","date1":"2018-04-14","tipus":"1","viewed":"no","remarks":null,"message":null,"redo":"no","perf":0},{"id":"5ad1d8e1c5868","apath":"PastSimple_PastCont.json","atitle":"Past Simple or Past Continuous","userTipps":null,"correct":"-","date1":"2018-04-14","tipus":0,"viewed":"no","remarks":null,"message":null,"redo":"no","perf":0},{"id":"5ad1d8e4cb234","apath":"PresPerf_simpOrCont_1.json","atitle":"Present Perfect - Simple or Continuous","userTipps":null,"correct":"-","date1":"2018-04-14","tipus":"0","viewed":"no","remarks":null,"message":null,"redo":"no","perf":0},{"id":"5ad1d8e7562c2","apath":"PresSimpVSCont_1.json","atitle":"Present Simple or Present Continuous","userTipps":null,"correct":"-","date1":"2018-04-14","tipus":1,"viewed":"no","remarks":null,"message":null,"redo":"no","perf":0},{"id":"5ad1d8ea2e55a","apath":"QUANTITY\/quantityMC.json","atitle":"Quantity","userTipps":null,"correct":"-","date1":"2018-04-14","tipus":"2","viewed":"no","remarks":null,"message":null,"redo":"no","perf":0},{"id":"5ad1d8ed7372c","apath":"QUANTITY\/quantityMC_2.json","atitle":"Quantity - 2","userTipps":null,"correct":"-","date1":"2018-04-14","tipus":"2","viewed":"no","remarks":null,"message":null,"redo":"no","perf":0},{"id":"5ad1d8f32976e","apath":"RELATIVE_CLS\/RelativeCls_GAP_which_or_that.json","atitle":"Relative Clauses - which or that","userTipps":null,"correct":"-","date1":"2018-04-14","tipus":"1","viewed":"no","remarks":null,"message":null,"redo":"no","perf":0},{"id":"5ad1d8f82c1c7","apath":"RELATIVE_CLS\/RelativeCls_GAP_which_or_that_2.json","atitle":"Relative Clauses - which or that","userTipps":null,"correct":"-","date1":"2018-04-14","tipus":"1","viewed":"no","remarks":null,"message":null,"redo":"no","perf":0},{"id":"5ad1d8fdd150e","apath":"RELATIVE_CLS\/RelativeCls_GAP_which_or_that_3.json","atitle":"Relative Clauses - which or that","userTipps":null,"correct":"-","date1":"2018-04-14","tipus":"1","viewed":"no","remarks":null,"message":null,"redo":"no","perf":0},{"id":"5ad1d905c9f3c","apath":"RELATIVE_CLS\/Relative_cls_which_what.json","atitle":"Relative Clauses","userTipps":null,"correct":"-","date1":"2018-04-14","tipus":0,"viewed":"no","remarks":null,"message":null,"redo":"no","perf":0},{"id":"5ad1d90b35fab","apath":"RELATIVE_CLS\/RelativeCls_MC.json","atitle":"Relative Clauses - 1","userTipps":null,"correct":"-","date1":"2018-04-14","tipus":2,"viewed":"no","remarks":null,"message":null,"redo":"no","perf":0},{"id":"5ad1d90e7b2c2","apath":"RELATIVE_CLS\/RelativeCls_MC-2.json","atitle":"Relative Clauses - 2","userTipps":null,"correct":"-","date1":"2018-04-14","tipus":"2","viewed":"no","remarks":null,"message":null,"redo":"no","perf":0},{"id":"5ad1d912765e9","apath":"TENSES\/Pres_Simp_Cont_PastS_Pres_perf_2.json","atitle":"Tenses - four common tenses","userTipps":null,"correct":"-","date1":"2018-04-14","tipus":"1","viewed":"no","remarks":null,"message":null,"redo":"no","perf":0},{"id":"5ad1d915c3450","apath":"TENSES\/Pres_Simp_Cont_PastS_Pres_perf_3.json","atitle":"Tenses - four common tenses","userTipps":null,"correct":"-","date1":"2018-04-14","tipus":"1","viewed":"no","remarks":null,"message":null,"redo":"no","perf":0},{"id":"5ad1d918ad2f2","apath":"TENSES\/Pres_Simp_Cont_PastS_Pres_perf_4.json","atitle":"Tenses - four common tenses","userTipps":null,"correct":"-","date1":"2018-04-14","tipus":"1","viewed":"no","remarks":null,"message":null,"redo":"no","perf":0}],"submitted":null,"corrected":null}