{"assigned":[{"id":"5abfab229bca0","apath":"CONDITIONALS\/Conditionals.json","atitle":"Conditional Sentences - Mix","userTipps":null,"correct":"-","date1":"2018-03-31","tipus":0,"viewed":"no","remarks":null,"message":null,"redo":"no","perf":0},{"id":"5abfbeebbc58b","apath":"Tang.json","atitle":"The Tang Dynasty","userTipps":null,"correct":"-","date1":"2018-03-31","tipus":0,"viewed":"no","remarks":null,"message":null,"redo":"no","perf":0},{"id":"5ac1f7e8b5ba8","apath":"RELATIVE_CLS\/RelativeCls_MC-2.json","atitle":"Relative Clauses - 2","userTipps":null,"correct":"-","date1":"2018-04-02","tipus":"2","viewed":"no","remarks":null,"message":null,"redo":"no","perf":0},{"id":"5aca5385a19db","apath":"VONALAS\/Condi_all_types.json","atitle":"Conditionals - all three types","userTipps":null,"correct":"-","date1":"2018-04-08","tipus":1,"viewed":"no","remarks":null,"message":null,"redo":"no","perf":0},{"id":"5aca5662b9731","apath":"PRESENT TENSES\/PresSimp_Cont_1.json","atitle":"Present Simple or Continuous","userTipps":null,"correct":"-","date1":"2018-04-08","tipus":"0","viewed":"no","remarks":null,"message":null,"redo":"no","perf":0},{"id":"5aca7ce3afde2","apath":"RELATIVE_CLS\/RelativeCls_GAP_which_or_that.json","atitle":"Relative Clauses - which or that","userTipps":null,"correct":"-","date1":"2018-04-08","tipus":"1","viewed":"no","remarks":null,"message":null,"redo":"no","perf":0},{"id":"5aca7ce834684","apath":"RELATIVE_CLS\/RelativeCls_GAP_which_or_that_2.json","atitle":"Relative Clauses - which or that","userTipps":null,"correct":"-","date1":"2018-04-08","tipus":"1","viewed":"no","remarks":null,"message":null,"redo":"no","perf":0}],"submitted":[{"id":"5ac096f26b7a6","apath":"VOCAB\/Tenses-1.json","atitle":"Tenses - 1","userTipps":"GGG_GGG_GGG_GGG_","correct":null,"date1":"2018-04-01","tipus":"3","viewed":"no","remarks":null,"message":null,"redo":"no","perf":null},{"id":"5aca58941905f","apath":"QUANTITY\/quantityMC.json","atitle":"Quantity","userTipps":"1_1_1_1_1_1_1_1_","correct":null,"date1":"2018-04-08","tipus":"2","viewed":"no","remarks":null,"message":null,"redo":"yes","perf":null}],"corrected":[{"id":"5abf7961cc242","apath":"VOCAB\/Tenses-2.json","atitle":"Tenses - 2","userTipps":"0_1_2_3_4_","correct":"null","date1":"2018-03-31","tipus":"3","viewed":"2018-03-31 12:05:21","remarks":"-_-_-_-_-_","message":"","redo":"no","perf":1},{"id":"5abf79f53b4a8","apath":"VOCAB\/Tenses-2.json","atitle":"Tenses - 2","userTipps":"0_1_2_3_4_","correct":"null","date1":"2018-03-31","tipus":"3","viewed":"2018-03-31 12:17:57","remarks":"-_-_-_-_-_","message":"","redo":"no","perf":9},{"id":"5abf7c7f5af5a","apath":"VOCAB\/Tenses-2.json","atitle":"Tenses - 2","userTipps":"0_3_GGG_GGG_GGG_","correct":"null","date1":"2018-03-31","tipus":"3","viewed":"2018-03-31 12:18:33","remarks":"-_-_-_-_-_","message":"","redo":"no","perf":1},{"id":"5abf7d9e2ef4b","apath":"Relative_cls_which_what.json","atitle":"Relative Clauses","userTipps":"1_1_2_2_","correct":"null","date1":"2018-04-01","tipus":"0","viewed":"2018-04-01 07:41:29","remarks":"null","message":"","redo":"no","perf":9},{"id":"5ac08d3e8b638","apath":"Relative_cls_which_what.json","atitle":"Relative Clauses","userTipps":"1_1_2_2_","correct":"null","date1":"2018-04-01","tipus":"0","viewed":"no","remarks":"null","message":"","redo":"no","perf":9},{"id":"5ac08d9f095f5","apath":"Relative_cls_which_what.json","atitle":"Relative Clauses","userTipps":"1_1_2_2_","correct":"null","date1":"2018-04-01","tipus":"0","viewed":"no","remarks":"null","message":"","redo":"no","perf":9},{"id":"5ac08dd4ab898","apath":"Relative_cls_which_what.json","atitle":"Relative Clauses","userTipps":"1_1_2_2_","correct":"null","date1":"2018-04-01","tipus":"0","viewed":"no","remarks":"null","message":"","redo":"no","perf":9},{"id":"5ac08e0a39a7b","apath":"Relative_cls_which_what.json","atitle":"Relative Clauses","userTipps":"1_1_2_2_","correct":"null","date1":"2018-04-01","tipus":"0","viewed":"no","remarks":"null","message":"","redo":"no","perf":9},{"id":"5ac08e09be948","apath":"Relative_cls_which_what.json","atitle":"Relative Clauses","userTipps":"1_1_2_2_","correct":"null","date1":"2018-04-01","tipus":"0","viewed":"2018-04-01 07:50:06","remarks":"null","message":"","redo":"no","perf":9},{"id":"5ac08e08a0a34","apath":"Relative_cls_which_what.json","atitle":"Relative Clauses","userTipps":"1_1_2_2_","correct":"null","date1":"2018-04-01","tipus":"0","viewed":"2018-04-01 08:06:25","remarks":"null","message":"","redo":"no","perf":9},{"id":"5ac08f4520caa","apath":"QUANTITY\/quantityMC.json","atitle":"Quantity","userTipps":"1_1_0_2_2_2_0_1_","correct":"OK_OK_OK_OK_OK_OK_OK_OK_","date1":"2018-04-01","tipus":"2","viewed":"2018-04-01 07:59:28","remarks":"-_-_-_-_-_-_-_-_","message":"","redo":"no","perf":9},{"id":"5ac08f44725cb","apath":"QUANTITY\/quantityMC.json","atitle":"Quantity","userTipps":"1_1_1_1_1_1_1_1_","correct":"OK_OK_NO_NO_NO_NO_NO_OK_","date1":"2018-04-01","tipus":"2","viewed":"2018-04-01 07:59:26","remarks":"-_-_-_-_-_-_-_-_","message":"","redo":"no","perf":1},{"id":"5ac08f43ce100","apath":"QUANTITY\/quantityMC.json","atitle":"Quantity","userTipps":"1_1_1_1_1_1_1_1_","correct":"OK_OK_NO_NO_NO_NO_NO_OK_","date1":"2018-04-01","tipus":"2","viewed":"2018-04-01 08:05:40","remarks":"-_-_-_-_-_-_-_-_","message":"","redo":"no","perf":9},{"id":"5ac08f42cb9a8","apath":"QUANTITY\/quantityMC.json","atitle":"Quantity","userTipps":"0_0_0_0_0_0_0_0_","correct":"NO_NO_OK_NO_NO_NO_OK_NO_","date1":"2018-04-01","tipus":"2","viewed":"2018-04-01 08:05:07","remarks":"-_-_-_-_-_-_-_-_","message":"","redo":"no","perf":1},{"id":"5aca5678246c4","apath":"PRESENT TENSES\/PresSimp_Cont_2.json","atitle":"Present Simple or Continuous","userTipps":"am waiting_arrives_are_reading_don't read_is having_do_go_am going_are_learning_Do_need_like_go_is raining_","correct":"OK_OK_OK_OK_OK_OK_OK_OK_OK_OK_OK_OK_OK_OK_OK_OK_","date1":"2018-04-08","tipus":"1","viewed":"2018-04-08 17:52:37","remarks":"-_-_-_-_-_-_-_-_-_-_-_-_-_-_-_-_","message":"","redo":"no","perf":9},{"id":"5aca7cebb3e01","apath":"RELATIVE_CLS\/RelativeCls_GAP_which_or_that_3.json","atitle":"Relative Clauses - which or that","userTipps":"who_which_which_that_which_that_which_whcih_which_that_","correct":"OK_OK_OK_OK_OK_OK_OK_NO_OK_OK_","date1":"2018-04-08","tipus":"1","viewed":"2018-04-08 20:48:05","remarks":"-_-_-_-_-_-_-_Just a spelling mistake in which._-_-_","message":"","redo":"no","perf":1},{"id":"5acbc9401e047","apath":"TENSES\/Pres_Simp_Cont_PastS_Pres_perf_2.json","atitle":"Tenses - four common tenses","userTipps":"wanted_bought_don't know_haven't seen_phoned_am looking_haven't found_did_lose_say_need_are_reading_buy_have read_don't know_","correct":"OK_OK_OK_OK_OK_OK_OK_OK_OK_OK_OK_OK_OK_OK_OK_OK_","date1":"2018-04-09","tipus":"1","viewed":"2018-04-09 20:20:19","remarks":"-_-_-_-_-_-_-_-_-_-_-_-_-_-_-_-_","message":"","redo":"no","perf":9},{"id":"5acbc948cae94","apath":"TENSES\/Pres_Simp_Cont_PastS_Pres_perf_4.json","atitle":"Tenses - four common tenses","userTipps":"got_has_doesn't_have_let_haven't_opened_didn't come_am training_want_don't look_have put_don't know_never eat_am writing_met_have written_didn't know_didn't_tell_","correct":"OK_OK_OK_NO_OK_OK_OK_OK_OK_OK_OK_OK_OK_OK_OK_OK_OK_OK_OK_OK_","date1":"2018-04-09","tipus":"1","viewed":"2018-04-09 20:17:46","remarks":"-_-_-_It's okay, just capital letter: Have_-_-_-_-_-_-_-_-_-_-_-_-_-_-_-_-_","message":"","redo":"no","perf":1},{"id":"5acbc944d4f4f","apath":"TENSES\/Pres_Simp_Cont_PastS_Pres_perf_3.json","atitle":"Tenses - four common tenses","userTipps":"do_visit_try_know_lives_see_am travelling_didn't visit_haven't seen_says_likes_started_hasn't had_Does_like_don't know_hasn't said_came_chatted_saw_drank_went_explains_are working_","correct":"OK_OK_OK_OK_OK_OK_OK_OK_OK_OK_OK_OK_OK_OK_OK_OK_OK_OK_OK_OK_OK_OK_OK_OK_","date1":"2018-04-09","tipus":"1","viewed":"2018-04-09 20:20:01","remarks":"-_-_-_-_-_-_-_-_-_-_-_-_-_-_-_-_-_-_-_-_-_-_-_-_","message":"EXCELLENT!","redo":"no","perf":9},{"id":"5acbcb2720301","apath":"TENSES\/Pres_Simp_Cont_PastS_Pres_perf_4.json","atitle":"Tenses - four common tenses","userTipps":"got_has_GGG_GGG_GGG_GGG_GGG_GGG_GGG_GGG_GGG_GGG_GGG_GGG_GGG_GGG_GGG_GGG_GGG_GGG_","correct":"OK_OK_OK_OK_OK_OK_OK_OK_OK_OK_OK_OK_OK_OK_OK_OK_OK_OK_OK_OK_","date1":"2018-04-09","tipus":"1","viewed":"no","remarks":"-_-_-_-_-_-_-_-_-_-_-_-_-_-_-_-_-_-_-_-_","message":"","redo":"no","perf":9}]}