{"assigned":[{"id":"5abfab229bca0","apath":"CONDITIONALS\/Conditionals.json","atitle":"Conditional Sentences - Mix","userTipps":null,"correct":"-","date1":"2018-03-31","tipus":0,"viewed":"no","remarks":null,"message":null,"redo":"no","perf":0},{"id":"5abfbeebbc58b","apath":"Tang.json","atitle":"The Tang Dynasty","userTipps":null,"correct":"-","date1":"2018-03-31","tipus":0,"viewed":"no","remarks":null,"message":null,"redo":"no","perf":0}],"submitted":[{"id":"5ac096f26b7a6","apath":"VOCAB\/Tenses-1.json","atitle":"Tenses - 1","userTipps":"GGG_GGG_GGG_GGG_","correct":null,"date1":"2018-04-01","tipus":"3","viewed":"no","remarks":null,"message":null,"redo":"no","perf":null}],"corrected":[{"id":"5abf7961cc242","apath":"VOCAB\/Tenses-2.json","atitle":"Tenses - 2","userTipps":"0_1_2_3_4_","correct":"null","date1":"2018-03-31","tipus":"3","viewed":"2018-03-31 12:05:21","remarks":"-_-_-_-_-_","message":"","redo":"no","perf":1},{"id":"5abf79f53b4a8","apath":"VOCAB\/Tenses-2.json","atitle":"Tenses - 2","userTipps":"0_1_2_3_4_","correct":"null","date1":"2018-03-31","tipus":"3","viewed":"2018-03-31 12:17:57","remarks":"-_-_-_-_-_","message":"","redo":"no","perf":9},{"id":"5abf7c7f5af5a","apath":"VOCAB\/Tenses-2.json","atitle":"Tenses - 2","userTipps":"0_3_GGG_GGG_GGG_","correct":"null","date1":"2018-03-31","tipus":"3","viewed":"2018-03-31 12:18:33","remarks":"-_-_-_-_-_","message":"","redo":"no","perf":1},{"id":"5abf7d9e2ef4b","apath":"Relative_cls_which_what.json","atitle":"Relative Clauses","userTipps":"1_1_2_2_","correct":"null","date1":"2018-04-01","tipus":"0","viewed":"2018-04-01 07:41:29","remarks":"null","message":"","redo":"no","perf":9},{"id":"5ac08d3e8b638","apath":"Relative_cls_which_what.json","atitle":"Relative Clauses","userTipps":"1_1_2_2_","correct":"null","date1":"2018-04-01","tipus":"0","viewed":"no","remarks":"null","message":"","redo":"no","perf":9},{"id":"5ac08d9f095f5","apath":"Relative_cls_which_what.json","atitle":"Relative Clauses","userTipps":"1_1_2_2_","correct":"null","date1":"2018-04-01","tipus":"0","viewed":"no","remarks":"null","message":"","redo":"no","perf":9},{"id":"5ac08dd4ab898","apath":"Relative_cls_which_what.json","atitle":"Relative Clauses","userTipps":"1_1_2_2_","correct":"null","date1":"2018-04-01","tipus":"0","viewed":"no","remarks":"null","message":"","redo":"no","perf":9},{"id":"5ac08e0a39a7b","apath":"Relative_cls_which_what.json","atitle":"Relative Clauses","userTipps":"1_1_2_2_","correct":"null","date1":"2018-04-01","tipus":"0","viewed":"no","remarks":"null","message":"","redo":"no","perf":9},{"id":"5ac08e09be948","apath":"Relative_cls_which_what.json","atitle":"Relative Clauses","userTipps":"1_1_2_2_","correct":"null","date1":"2018-04-01","tipus":"0","viewed":"2018-04-01 07:50:06","remarks":"null","message":"","redo":"no","perf":9},{"id":"5ac08e08a0a34","apath":"Relative_cls_which_what.json","atitle":"Relative Clauses","userTipps":"1_1_2_2_","correct":"null","date1":"2018-04-01","tipus":"0","viewed":"2018-04-01 08:06:25","remarks":"null","message":"","redo":"no","perf":9},{"id":"5ac08f4520caa","apath":"QUANTITY\/quantityMC.json","atitle":"Quantity","userTipps":"1_1_0_2_2_2_0_1_","correct":"OK_OK_OK_OK_OK_OK_OK_OK_","date1":"2018-04-01","tipus":"2","viewed":"2018-04-01 07:59:28","remarks":"-_-_-_-_-_-_-_-_","message":"","redo":"no","perf":9},{"id":"5ac08f44725cb","apath":"QUANTITY\/quantityMC.json","atitle":"Quantity","userTipps":"1_1_1_1_1_1_1_1_","correct":"OK_OK_NO_NO_NO_NO_NO_OK_","date1":"2018-04-01","tipus":"2","viewed":"2018-04-01 07:59:26","remarks":"-_-_-_-_-_-_-_-_","message":"","redo":"no","perf":1},{"id":"5ac08f43ce100","apath":"QUANTITY\/quantityMC.json","atitle":"Quantity","userTipps":"1_1_1_1_1_1_1_1_","correct":"OK_OK_NO_NO_NO_NO_NO_OK_","date1":"2018-04-01","tipus":"2","viewed":"2018-04-01 08:05:40","remarks":"-_-_-_-_-_-_-_-_","message":"","redo":"no","perf":9},{"id":"5ac08f42cb9a8","apath":"QUANTITY\/quantityMC.json","atitle":"Quantity","userTipps":"0_0_0_0_0_0_0_0_","correct":"NO_NO_OK_NO_NO_NO_OK_NO_","date1":"2018-04-01","tipus":"2","viewed":"2018-04-01 08:05:07","remarks":"-_-_-_-_-_-_-_-_","message":"","redo":"no","perf":1}]}