{"title":"Verb Patterns","uid":null,"instructions":"Complete the sentences with the given verbs. Use the t-infinitive or the gerund. Sometimes you will need the bare infinitive.","type":0,"contents":[{"id":0,"sentence":["Did you have difficulty in "," the boss "," what we want?"],"solutions":["GGG","GGG"],"distractors":[["to persuade ","persuading"],["to do ","doing"]],"solu":["1-0"],"remarks":[["Corr: persuading. After prepositions, we use the gerund. ","C"],["C ","Corr: to do."]]},{"id":1,"sentence":["I won't climb up this tree. I'm afraid of "," down."],"solutions":["GGG"],"distractors":[["to fall ","falling"]],"solu":["1"],"remarks":[["Corr: falling. After prepositions we use the gerund. ","C"]]},{"id":2,"sentence":["He didn't deny "," the money, so they will sentence him to prison."],"solutions":["GGG"],"distractors":[["to steal ","stealing"]],"solu":["1"],"remarks":[["Corr: stealing. After the verb 'deny' we use the gerund. ","C"]]},{"id":3,"sentence":["As far as I know, nobody is capable of ","."],"solutions":["GGG"],"distractors":[["to fly","flying"]],"solu":["1"],"remarks":[["We need the gerund because of the preposition 'of' in the expression 'capable of'.","C"]]},{"id":4,"sentence":["My mom never let me "," sweets before dinner."],"solutions":["GGG"],"distractors":[["to eat","eating","eat"]],"solu":["2"],"remarks":[["Corr: eat. After 'let sb' we need to use the bare infinitive.","Corr: eat. After 'let sb' we need to use the bare infinitive.","C"]]},{"id":5,"sentence":["I we can't avoid "," to your parents that we're going to divorce."],"solutions":["GGG"],"distractors":[["to tell","telling","tell"]],"solu":["1"],"remarks":[["Corr: telling. After 'avoid' we need to use the gerund.","C","Corr: telling. After 'avoid' we need to use the gerund."]]},{"id":6,"sentence":["Unfortunately, my workers failed "," what I expected from them."],"solutions":["GGG"],"distractors":[["to understand","understanding","understand"]],"solu":["0"],"remarks":[["C","Corr: to understand. After 'fail' we need the to-infinitive.","Corr: to understand. After 'fail' we need the to-infinitive."]]}],"weight":"2"}