{"title":"Time Adverbs - will or present simple 1","instructions":"Complete the sentences with the verbs in the pop-up box. You will need B1willB2 or B1present simpleB2.","weight":"1","exa":null,"type":"0","helps":[""],"contents":[{"id":0,"sentence":["When I "," home, I "," a coffee."],"solutions":["GGG","GGG"],"distractors":[["get","will get"],["drink","will drink"]],"solu":["0-1"],"remarks":[["Corr: get. Because of 'when', this is a time adverb, so we can't use 'will' here."],["Corr: will drink. It's a reference to a future action, so we need 'will' here."]]},{"id":1,"sentence":["Sue "," the windows before she "," home."],"solutions":["GGG","GGG"],"distractors":[["closes","will close"],["leaves","will leave"]],"solu":["1-0"],"remarks":[["Corr: will close. It refers to a future action, so we need 'will' here."],["Corr: leaves. It's present simple because we can't use 'will' in a time clause, beginning with 'before', 'after', 'whent', etc."]]},{"id":2,"sentence":[""," you phone me when you "," in London?"],"solutions":["GGG","GGG"],"distractors":[["Do","Will"],["arrive","will arrive"]],"solu":["1-0"],"remarks":[["Corr: Will. We refer to the future, so we need 'will' here."],["Corr: arrive. It's present simple because it's a time adverb, beginning with 'when'."]]},{"id":3,"sentence":["I "," that I "," you this book as soon as I "," reading it."],"solutions":["GGG","GGG","GGG"],"distractors":[["promise","will promise"],["lend","will lend"],["finish","will finish"]],"solu":["0-1-0"],"remarks":[["Corr: promise. It happens in the present, and the verb 'promise' is not used in the continuous."],["Corr: will lend. We refer to a future action, so we need 'will'."],["Corr: finish. It's present simple because it's a time adverb beginning with 'as soon as', so we can't use 'will' here."]]},{"id":4,"sentence":["We "," this bottle of vodka until you "," smoking that joint."],"solutions":["GGG","GGG"],"distractors":[["drink","will drink"],["finish","will finish"]],"solu":["1-0"],"remarks":[["Corr: will drink. We refer to the future here, so we need 'will'."],["Corr: finish. It's a time adverb beginning with 'until', so we can't use 'will' here."]]},{"id":5,"sentence":["They "," us their car unless we "," them some money."],"solutions":["GGG","GGG"],"distractors":[["don't lend","won't lend"],["pay","will pay"]],"solu":["1-0"],"remarks":[["Corr: won't lend. It's about the future, so we need 'will' here."],["Corr: pay. It's a time clause beginning with 'unless', so we can't use 'will' here."]]},{"id":6,"sentence":[""," you think Bob "," us some money if we "," him to kill his cat?"],"solutions":["GGG","GGG","GGG"],"distractors":[["Do","Will"],["gives","will give"],["threaten","will threaten"]],"solu":["0-1-0"],"remarks":[["Corr: Do. It's about the present, so it's present simple. The verb 'think' is not used in the continuous if it expresses 'opinion'."],["Corr: will give. It's about a future action."],["Corr: threaten. We need present simple here because it's a time clause, or, rather a conditional clause beginning with 'if'."]]},{"id":7,"sentence":["Who "," your cat while you "," in Alaska?"],"solutions":["GGG","GGG"],"distractors":[["looks after","will look after"],["are","will be"]],"solu":["1-0"],"remarks":[["Corr: will look after. It's a question about the future, so 'will' is needed here."],["Corr: are. It's a time adverb beginning with 'while', so we can't use 'will' here."]]}]}