{"title":"Time Adverbs - will or present simple 4","instructions":"Complete the sentences with the verbs in the pop-up box. You will need B1willB2 or B1present simpleB2.","weight":"1","exa":null,"type":"0","helps":[""],"contents":[{"id":0,"sentence":["No, I "," do anything until I "," my first coffee."],"solutions":["GGG","GGG"],"distractors":[["don't","won't"],["drink","will drink"]],"solu":["1-0"],"remarks":[["Corr: won't. It's a future action."],["Corr: drink. It's a time clause beginning with 'until', so we cannot use 'will' here."]]},{"id":1,"sentence":["We "," attack before it "," dark. When it "," dark, we "," the infantry far ahead."],"solutions":["GGG","GGG","GGG","GGG"],"distractors":[["don't","won't"],["is","will be"],["is","will be"],["send","will send"]],"solu":["1-0-0-1"],"remarks":[["Corr: won't. It's about the future."],["Corr: is. It's a time clause beginning with 'before', so we can't use 'will' here."],["Corr: is. It's a time clause beginning with 'when', so we cannot use 'will'."],["Corr: will send. It's about a future action."]]},{"id":2,"sentence":["I "," we "," cleaning the house before our mother "," home."],"solutions":["GGG","GGG","GGG"],"distractors":[["hope","will hope"],["finish","will finish"],["gets","will get"]],"solu":["0-1-0"],"remarks":[["Corr: hope. It's about the present."],["Corr: will finish. It's about a future action."],["Corr: gets. It's a time clause beginning with 'before', so we cannot use 'will' here."]]},{"id":3,"sentence":["I "," get this job done in time unless someone "," me."],"solutions":["GGG","GGG"],"distractors":[["don't","won't"],["helps","will help"]],"solu":["1-0"],"remarks":[["Corr: won't. It's about the future."],["Corr: helps. It's a conditional clause beginning with 'unless', so we cannot use 'will' here."]]},{"id":4,"sentence":["Probably I "," get a new job before September, so I "," at home until then. Perhaps I "," to borrow some money from someone."],"solutions":["GGG","GGG","GGG"],"distractors":[["don't","won't"],["stay","will stay"],["try","will try"]],"solu":["1-1-1"],"remarks":[["Corr: won't. It's a future prediction, so we need 'will' here."],["Corr: will stay. It's a future prediction, so 'will' is needed here."],["Corr: will try. It's a future action, so we need 'will' here."]]},{"id":5,"sentence":["He "," until he "," out of breath, but I "," think he "," from the police."],"solutions":["GGG","GGG","GGG","GGG"],"distractors":[["runs","will run"],["is","will be"],["don't","won't"],["escapes","will escape"]],"solu":["1-0-0-1"],"remarks":[["Corr: will run. It's about the future."],["Corr: is. It's a time clause beginning with 'until', so we cannot use 'will' here."],["Corr: don't. It's about the present."],["Corr: will escape. It's a future action."]]},{"id":6,"sentence":["When the atomic power station "," , we "," these villages and this area "," uninhabited for 15,000 years."],"solutions":["GGG","GGG","GGG"],"distractors":[["explodes","will explode"],["evacuate","will evacuate"],["is","will be"]],"solu":["0-1-1"],"remarks":[["Corr: explodes. It's a time adverb beginning with 'when', so we cannot use 'will'."],["Corr: will evacuate. It's a future action."],["Corr. will be. It's a future state."]]},{"id":7,"sentence":["The pain "," down soon after you "," this medicine, so don't worry, you "," feel anything."],"solutions":["GGG","GGG","GGG"],"distractors":[["dies","will die"],["take","will take"],["don't","won't"]],"solu":["1-0-1"],"remarks":[["Corr: will die. It's a future action."],["Corr: take. It's a time clause beginning with 'after', so we cannot use 'will'."],["Corr: won't. It's a future action."]]}]}