{"title":"Will or Present Simple - gap filling 4","instructions":"Complete the sentences with the verbs in brackets. You will need B1willB2 or B1present simpleB2.","weight":"1","exa":null,"type":"1","helps":[""],"contents":[{"id":0,"sentence":["I "," (run) a marathon when I "," (lose) enough weight."],"solutions":[["will run"],["lose"]],"userTipps":"GGG_GGG_GGG_","explain":["Corr: will run. It's about the future.","Corr: lose. It's a time clause beginning with 'when', so we cannot use 'will' here."]},{"id":1,"sentence":["They "," (wait) for you in the lounge until you "," (get) back to them."],"solutions":[["will wait"],["get"]],"userTipps":"GGG_GGG_GGG_","explain":["Corr: will wait. It's a future action.","Corr: get. It's a time clause beginning with 'until', so we cannot use 'will' here."]},{"id":2,"sentence":["She "," (not get) married before she "," (turn) 35."],"solutions":[["won't get","will not get"],["turns"]],"userTipps":"GGG_GGG_GGG_","explain":["Corr: won't get. It's about the future.","Corr: turn. It's a time clause beginning with 'before', so we cannot use 'will' here."]},{"id":3,"sentence":["We "," (continue) our journey as soon as our car "," (be) ready."],"solutions":[["will continue"],["is"]],"userTipps":"GGG_GGG_GGG_","explain":["Corr: will continue. It's a future action.","Corr: is. It's a time clause beginning with 'as soon as', so we cannot use 'will' in it."]},{"id":4,"sentence":["While you "," (be) away buying presents, I "," (decorate) the Christmas tree."],"solutions":[["are"],["will decorate"]],"userTipps":"GGG_GGG_GGG_","explain":["Corr: are. It's a time clause beginning with 'while', so we cannot use 'will' here.","Corr: will decorate. It's a future action."]},{"id":5,"sentence":["I "," (not wait) until everyone "," (leave) the party, I "," (go) home now."],"solutions":[["won't wait","will not wait"],["leaves"],["will go"]],"userTipps":"GGG_GGG_GGG_GGG_","explain":["Corr: won't wait. It's a future action.","Corr: leaves. It's a time clause beginning with 'until', so we cannot use 'will' here.","Corr: will go. It's a future action."]},{"id":6,"sentence":["Oh, the kids "," (eat) all the cake before it "," (cool) down. And then they "," (have) a tummy upset."],"solutions":[["will eat"],["cools"],["will have"]],"userTipps":"GGG_GGG_GGG_GGG_","explain":["Corr: will eat. It's a future action.","Corr: cools. It's a time clause beginning with 'before', so we cannot use 'will' here.","Corr: will have. It's a future event."]},{"id":7,"sentence":["'What "," we "," (do) till the cat "," (get) back?' the mice asked."],"solutions":[["will","shall"],["do"],["gets"]],"userTipps":"GGG_GGG_GGG_GGG_","explain":["Corr: will or shall. It's a question about the future.","Corr: do. It's a question about the future.","Corr: gets. It's a time clause beginning with 'till', so we cannot use 'will' here."]}]}