{"title":"Time Adverbs - will or present simple 2","instructions":"Complete the sentences with the verbs in the pop-up box. You will need B1willB2 or B1present simpleB2.","weight":"1","exa":null,"type":"0","helps":[""],"contents":[{"id":0,"sentence":["We "," on a trip tomorrow unless we "," too tired."],"solutions":["GGG","GGG"],"distractors":[["go","can go"],["feel","will feel"]],"solu":["1-0"],"remarks":[["Corr: can go. It's a future action, so we cannot use present here, but 'can' is correct as it can refer to the future."],["Corr: feel. It's a time adverb, beginning with 'unless', so we cannot use 'will' here."]]},{"id":1,"sentence":["Our GDP "," further unless there "," a financial crisis in the world."],"solutions":["GGG","GGG"],"distractors":[["grows","will grow"],["is","will be"]],"solu":["1-0"],"remarks":[["Corr: will grow. It's a prediction about the future, so we need 'will' here."],["Corr: is. It's a time adverb beginning with 'unless', so we cannot use 'will' here."]]},{"id":2,"sentence":["When I "," 18 years old, my father "," me a Ferrari."],"solutions":["GGG","GGG"],"distractors":[["am","will be"],["buys","will buy"]],"solu":["0-1"],"remarks":[["Corr: am. It's a time adverb beginning with 'when', so we cannot use 'will' here."],["Corr: will buy. It's about a future action."]]},{"id":3,"sentence":["I "," for a job only after I "," college. Until then I "," ."],"solutions":["GGG","GGG","GGG"],"distractors":[["look for","will look for"],["leave","will leave"],["just study","will just study"]],"solu":["1-0-1"],"remarks":[["Corr: will look for. We refer to the future here, so we need 'will'."],["Corr: leave. It's a time adverb beginning with 'after', so we cannot use 'will' here."],["Corr: will just study. It's a future action and it's not a time adverb. 'Until' is together with 'then' and so it's a time adverb referring to the future."]]},{"id":4,"sentence":["Mr Baxter "," your math teacher till I "," back from France."],"solutions":["GGG","GGG"],"distractors":[["is","will be"],["come","will come"]],"solu":["1-0"],"remarks":[["Corr: will. It's about the future, so we need 'will'."],["Corr: come. It's a time clause beginning with 'till', so we cannot use 'will' here."]]},{"id":5,"sentence":["We "," important matters while our wives "," dinner for us in the kitchen."],"solutions":["GGG","GGG"],"distractors":[["discuss","will discuss"],["cook","will cook"]],"solu":["1-0"],"remarks":[["Corr: will discuss. It's about a future action so we need 'will' here."],["Corr: cook. It's a time clause beginning with 'while', so we cannot use 'will' here."]]},{"id":6,"sentence":["Of course, my son "," get up from his computer and he "," help me while I "," his room."],"solutions":["GGG","GGG","GGG"],"distractors":[["doesn't","won't"],["doesn't","won't"],["clean","will clean"]],"solu":["1-1-0"],"remarks":[["Corr: won't. It's about the future, so we need 'will' here."],["Corr: won't. It's about the future, so we need 'will' here."],["Corr: clean. It's a time clause beginning with 'while', so we cannot use 'will' here."]]},{"id":7,"sentence":["What "," you do when you "," your driving license?"],"solutions":["GGG","GGG"],"distractors":[["do","will"],["get","will get"]],"solu":["1-0"],"remarks":[["Corr: will. It's about the future, so we need 'will' here."],["Corr: get. It's a time clause beginning with 'when', so we cannot use 'will' here."]]}]}