{"title":"Will or Present Simple - gap filling 1","instructions":"Complete the sentences with the verbs in brackets. You will need B1willB2 or B1present simpleB2.","weight":"1","exa":null,"type":"1","helps":["FUTURE\/time_adverbs.html"],"contents":[{"id":0,"sentence":["We "," (start) the journey as soon as it "," (stop) raining."],"solutions":[["will start"],["stops"]],"userTipps":"GGG_GGG_GGG_","explain":["Corr: will start. It's a future action.","Corr: stops. It's a time clause beginning with 'as soon as', so we cannot use 'will' here."]},{"id":1,"sentence":["When we "," (get) home, it "," (be) dark. The whole house "," (be) in bed."],"solutions":[["get"],["will be"],["will be"]],"userTipps":"GGG_GGG_GGG_GGG_","explain":["Corr: get. It's a time clause beginning with 'when', so we cannot use 'will' here.","Corr: will be. It's a future state.","Corr: will be. It's a future state."]},{"id":2,"sentence":["I "," (hope) someone "," (take) care of Bob's plants while he "," (be) away in Spain."],"solutions":[["hope"],["will take"],["is"]],"userTipps":"GGG_GGG_GGG_GGG_","explain":["Corr: hope. It's a present state.","Corr: will take. It's a future action.","Corr: is. It's a time clause beginning with 'while', so we cannot use 'will' here."]},{"id":3,"sentence":["We "," (start) distributing the drugs as soon as the plane from Bogota "," (land) here."],"solutions":[["will start"],["lands"]],"userTipps":"GGG_GGG_GGG_","explain":["Corr: will start. It's a future action.","Corr: lands. It's a time clause beginning with 'as soon as', so we cannot use 'will' here."]},{"id":4,"sentence":["'I "," (watch)TV until you "," (get) home.' 'Okay, when I "," (arrive), I "," (go) straight to bed if you "," (not mind).'"],"solutions":[["will watch"],["get"],["arrive"],["will go"],["don't mind","do not mind"]],"userTipps":"GGG_GGG_GGG_GGG_GGG_GGG_","explain":["Corr: will watch. It's a future action.","Corr. get. It's a time clause beginning with 'get',so we cannot use 'will' here.","Corr: arrive. It's a time clause beginning with 'when', so we cannot use 'will' here.","Corr: will go. It's a future action.","Corr: don't mind. We cannot use 'will' in this clause because it starts with 'if', so it's a conditional clause."]},{"id":5,"sentence":["Look at this dog. It "," (sniff) at the meat for a long time before it "," (eat) it."],"solutions":[["will sniff"],["eats"]],"userTipps":"GGG_GGG_GGG_","explain":["Corr: will sniff. It's a future action.","Corr: eats. We need present simple here because it's a time clause beginning with 'before'. Here we cannot use 'will'."]},{"id":6,"sentence":["He "," (practice) shooting until he "," (hit) a beer cap from 200 yards."],"solutions":[["will practice"],["hits"]],"userTipps":"GGG_GGG_GGG_","explain":["Corr: will practice. It's a future action, so we need 'will' here.","Corr: hits. It's a time clause beginning with 'until', so we cannot use 'will' here."]},{"id":7,"sentence":["Jack "," (understand) why we hate him only after our boss "," (fire) him."],"solutions":[["will understand"],["fires"]],"userTipps":"GGG_GGG_GGG_","explain":["Corr: will understand. It's a future action.","Corr: fires. It's a time clause beginning with 'after', so we cannot use 'will' here."]}]}