{"title":"Will or Present Simple - gap filling 2","instructions":"Complete the sentences with the verbs in brackets. You will need B1willB2 or B1present simpleB2.","weight":"1","exa":null,"type":"1","helps":[""],"contents":[{"id":0,"sentence":["Until Boris "," (come) back, we "," (do) his job, too."],"solutions":[["comes"],["will do"]],"userTipps":"GGG_GGG_GGG_","explain":["Corr: comes. It's a time clause beginning with 'until', so we cannot use 'will' here.","Corr. will do. It's a future action."]},{"id":1,"sentence":["What "," you do when they "," (come) for you?"],"solutions":[["will"],["come"]],"userTipps":"GGG_GGG_GGG_","explain":["Corr: will. It's a question about the future.","Corr: come. It's a time clause beginning with 'when', so we cannot use 'will' here."]},{"id":2,"sentence":["Of course, we "," (check) every detail before we "," (submit) this app for testing."],"solutions":[["will check"],["submit"]],"userTipps":"GGG_GGG_GGG_","explain":["Corr: will check. It's a future action.","Corr: submit. It's a time clause beginning with 'before', so we cannot use 'will' here."]},{"id":3,"sentence":["I'm very hungry. I "," (eat) everything I "," (find) in the fridge as soon as I "," (get) home."],"solutions":[["will eat"],["find","will find"],["get"]],"userTipps":"GGG_GGG_GGG_GGG_","explain":["Corr: will eat. It's a future action.","Corr: find. It's a subordinate clause so we can't use 'will' here.","Corr: get. It's a time clause beginning with 'as soon as', so we cannot use 'will' here."]},{"id":4,"sentence":["I "," (be) very sleepy tomorrow because I "," (read) a few pages before I "," (go) to bed."],"solutions":[["will be"],["will read"],["go"]],"userTipps":"GGG_GGG_GGG_GGG_","explain":["Corr: will be. It's a future state.","Corr: will read. It's a future action.","Corr: go. It's a time clause beginning with 'before', so we cannot use 'will' here."]},{"id":5,"sentence":["We "," (not stop) anywhere until we "," (reach) Tulsa."],"solutions":[["won't stop","will not stop"],["reach"]],"userTipps":"GGG_GGG_GGG_","explain":["Corr: won't stop. It's a future action.","Corr: reach. It's a time clause beginning with 'until', so we cannot use 'will' here."]},{"id":6,"sentence":[""," you celebrate when you "," (leave) college?"],"solutions":[["Will"],["leave"]],"userTipps":"GGG_GGG_GGG_","explain":["Corr: Will. It's about a future action.","Corr: leave. It's a time clause beginning with 'when', so we cannot use 'will' here."]},{"id":7,"sentence":["Frank "," (not do) anything until he "," (become) sober again. But, as soon as it "," (happen), I "," (phone) you."],"solutions":[["won't do","will not do"],["becomes"],["happens"],["will phone"]],"userTipps":"GGG_GGG_GGG_GGG_GGG_","explain":["Corr: won't do. It's a future action.","Corr: becomes. It's a time clause beginning with 'until', so we cannot use 'will' here.","Corr: happens. It's a time clause beginning with 'as soon as', so we cannot use 'will' in it.","Corr: will phone. It's a future action, so we can use 'will' here."]}]}