{"title":"Will or Present Simple - gap filling 3","instructions":"Complete the sentences with the verbs in brackets. You will need B1willB2 or B1present simpleB2.","weight":"1","exa":null,"type":"1","helps":[""],"contents":[{"id":0,"sentence":["I "," (greet) the guests when they "," (arrive), and then I "," (lead) them to their tables."],"solutions":[["will greet"],["arrive"],["will lead"]],"userTipps":"GGG_GGG_GGG_GGG_","explain":["Corr: will greet. It's a future action.","Corr: arrive. It's present simple because it's in a time clause beginning with 'when'.","Corr: will lead. It's a future action."]},{"id":1,"sentence":["We "," (work) on this problem until we "," (find) a solution."],"solutions":[["will work"],["find"]],"userTipps":"GGG_GGG_GGG_","explain":["Corr: will work. It's about the future.","Corr: find. It's a time clause beginning with 'until', so we cannot use 'will' here."]},{"id":2,"sentence":["'"," you "," (think) the boss "," (let) me go home earlier?' 'Yes, he ",", as soon as you "," (show) him how much work you've done.'"],"solutions":[["Do"],["think"],["will let"],["will"],["show"]],"userTipps":"GGG_GGG_GGG_GGG_GGG_GGG_","explain":["Corr: Do. It's about the present and 'think' cannot be used in the continuous if it expresses opinion.","Corr: think. It's about the present and 'think' cannot be used in the continuous if it expresses opinion.","Corr: will let. It's about a future action.","Corr: will. It's a short answer to the previous question.","Corr: show. It's a time clause beginning with 'as soon as', so we cannot use 'will' here."]},{"id":3,"sentence":["While you "," (be) in the garden, I "," (be) up in my room. I "," (read) a book."],"solutions":[["are"],["will be"],["will read"]],"userTipps":"GGG_GGG_GGG_GGG_","explain":["Corr: are. It's a time clause beginning with 'while', so we cannot use 'will' here.","Corr: will be. It's about the future.","Corr: will read. It's a future action."]},{"id":4,"sentence":["I "," (hire) an interpreter until I "," (learn) to speak French well enough."],"solutions":[["will hire"],["learn"]],"userTipps":"GGG_GGG_GGG_","explain":["Corr: will hire. It's about the future.","Corr: learn. It's a time clause beginning with 'until' so we cannot use 'will' here."]},{"id":5,"sentence":["I "," (hope) we "," (get) everything done well before my parents "," (arrive) home."],"solutions":[["hope"],["will get"],["arrive"]],"userTipps":"GGG_GGG_GGG_GGG_","explain":["Corr: hope. It's about the present.","Corr: will get. It's about the future.","Corr: arrive. It's a time clause beginning with 'before', so we cannot use 'will' here."]},{"id":6,"sentence":["How many whiskies "," you "," (drink) before you "," (finish) this task?"],"solutions":[["will"],["drink"],["finish"]],"userTipps":"GGG_GGG_GGG_GGG_","explain":["Corr: will. It's about the future.","Corr: drink. It's about the future.","Corr: finish. It's a time clause beginning with 'before', so we cannot use 'will' here."]},{"id":7,"sentence":["I "," (listen) to some music in my car while I "," (drive) home."],"solutions":[["will listen"],["drive"]],"userTipps":"GGG_GGG_GGG_","explain":["Corr: will listen. It's about the future.","Corr: drive. It's a time clause beginning with 'while', so we cannot use 'will' here."]}]}