{"title":"Time Adverbs - will or present simple 3","instructions":"Complete the sentences with the verbs in the pop-up box. You will need B1willB2 or B1present simpleB2.","weight":"1","exa":null,"type":"0","helps":[""],"contents":[{"id":0,"sentence":["We "," when we "," this project."],"solutions":["GGG","GGG"],"distractors":[["celebrate","will celebrate"],["finally finish","will finally finish"]],"solu":["1-0"],"remarks":[["Corr: will celebrate. It's about the future, so we need 'will' here."],["Corr: finally finish. It's a time clause beginning with 'when', so we cannot use 'will' here."]]},{"id":1,"sentence":["'When "," you give me back my money?' 'I "," my debts as soon as I "," money from my parents.'"],"solutions":["GGG","GGG","GGG"],"distractors":[["do","will"],["settle","will settle"],["get","will get"]],"solu":["1-1-0"],"remarks":[["Corr: will. It's a question about the future and 'when' does not introduce a time clause here, it's simply a question word."],["Corr: will settle. It's a future action so we need 'will' here."],["Corr: get. It's a time clause beginning with 'as soon as', so we cannot use 'will' here."]]},{"id":2,"sentence":["Before they "," us all the necessary information, we "," decide about the plans."],"solutions":["GGG","GGG"],"distractors":[["give","will give"],["can't","won't be able to"]],"solu":["0-01"],"remarks":[["Corr: give. It'a time clause beginning with 'before', so we cannot use 'will' here."],["Corr. can't or won't be able to. It's about the future, and 'can' can refer to future."]]},{"id":3,"sentence":["You "," stealing from the shops until someone "," you."],"solutions":["GGG","GGG"],"distractors":[["continue","will continue"],["catches","will catch"]],"solu":["1-0"],"remarks":[["Corr: will continue. It's about the future, so we can use 'will' here."],["Corr: catches. We need present simple here because it's a time clause beginning with 'until', and we can't use 'will' here."]]},{"id":4,"sentence":["As soon as I "," into the bank's system, I "," the money to you. Until it ",", you must wait patiently."],"solutions":["GGG","GGG","GGG"],"distractors":[["hack","will hack"],["transfer","will transfer"],["happens","will happen"]],"solu":["0-1-0"],"remarks":[["Corr: hack. It's a time clause beginning with 'as soon as', so we cannot use 'will' here."],["Corr: will transfer. It's about the future, so we can use 'will'."],["Corr: happens. It's a time clause beginning with 'until', so we cannot use 'will' here."]]},{"id":5,"sentence":["When I "," cleaning up the cat's vomit, I "," the guinea pig's cage."],"solutions":["GGG","GGG"],"distractors":[["finish","will finish"],["clean","will clean"]],"solu":["0-1"],"remarks":[["Corr: finish. It's a time clause beginning with 'when', so we cannot use 'will' here."],["Corr: will clean. It's about the future, so we can use 'will'."]]},{"id":7,"sentence":["You "," smile so nicely after Tyson "," you in the mouth, I'm sure."],"solutions":["GGG","GGG"],"distractors":[["don't","won't"],["hits","will hit"]],"solu":["1-0"],"remarks":[["Corr: won't. It's about the future, so we can use 'will' here."],["Corr: hits. It's a time adverb beginning with 'after', so we cannot use 'will' here."]]},{"id":8,"sentence":["I "," I "," to the shore before it "," too late."],"solutions":["GGG","GGG","GGG"],"distractors":[["think","will think"],["swim","will swim"],["is","will be"]],"solu":["0-1-0"],"remarks":[["Corr: think. It's about the present."],["Corr: will swim. It's about a future action."],["Corr: is. It's a time clause beginning with 'before', so we can't use 'will' here."]]}]}