{"assigned":[{"id":"5afca03c20c88","apath":"VOCAB\/INTER\/voc34.json","atitle":"Vocabublary 34","userTipps":null,"correct":"-","date1":"2018-05-16","tipus":3,"viewed":"no","remarks":null,"message":null,"redo":"no","perf":0},{"id":"5afca059bd2f9","apath":"GRAM6\/RepSp_Statements.json","atitle":"Reported Speech - Statements - 1","userTipps":null,"correct":"-","date1":"2018-05-16","tipus":6,"viewed":"no","remarks":null,"message":null,"redo":"no","perf":0},{"id":"5afca07023b04","apath":"GRAM6\/RepSp_Statements_2.json","atitle":"Reported Speech - Statements - 2","userTipps":null,"correct":"-","date1":"2018-05-16","tipus":6,"viewed":"no","remarks":null,"message":null,"redo":"no","perf":0},{"id":"5afca074d657d","apath":"GRAM6\/RepSp_YesNo_1.json","atitle":"Reported Speech - Yes-no Questions 1","userTipps":null,"correct":"-","date1":"2018-05-16","tipus":6,"viewed":"no","remarks":null,"message":null,"redo":"no","perf":0},{"id":"5afca081e45ac","apath":"GRAM6\/RepSp_YesNo_2.json","atitle":"Reported Speech - Yes-no Questions 2","userTipps":null,"correct":"-","date1":"2018-05-16","tipus":6,"viewed":"no","remarks":null,"message":null,"redo":"no","perf":0},{"id":"5afca08fb38e1","apath":"GRAM6\/RepSp_Wh_quest_1.json","atitle":"Reported Speech - Questions 1","userTipps":null,"correct":"-","date1":"2018-05-16","tipus":6,"viewed":"no","remarks":null,"message":null,"redo":"no","perf":0},{"id":"5afca09defda2","apath":"GRAM6\/RepSp_Wh_quest_2.json","atitle":"Reported Speech - Questions 2","userTipps":null,"correct":"-","date1":"2018-05-16","tipus":6,"viewed":"no","remarks":null,"message":null,"redo":"no","perf":0},{"id":"5afca24fa332c","apath":"PASSIVE\/Passive4ten_compl_GAP_1.json","atitle":"Passive Voice Four Tenses - 1","userTipps":null,"correct":"-","date1":"2018-05-16","tipus":"1","viewed":"no","remarks":null,"message":null,"redo":"no","perf":0},{"id":"5afca2604dcfc","apath":"PASSIVE\/Passive4ten_compl_GAP_2.json","atitle":"Passive Voice Four Tenses - 2","userTipps":null,"correct":"-","date1":"2018-05-16","tipus":"1","viewed":"no","remarks":null,"message":null,"redo":"no","perf":0},{"id":"5b01373bdb7ec","apath":"VOCAB\/INTER\/voc36.json","atitle":"Vocabublary 36","userTipps":null,"correct":"-","date1":"2018-05-20","tipus":3,"viewed":"no","remarks":null,"message":null,"redo":"no","perf":0}],"submitted":null,"corrected":null}