{"title":"Tenses - 7","instructions":"Complete the sentences.","type":3,"helps":null,"contents":[{"id":0,"gel":"When","ge2":"you","ge3":"to  kill  Joe?","go1":"are","go2":"going","meaning":""},{"id":1,"gel":"Do  you  think  teachers","ge2":"ever  understand  pupils?","ge3":"","go1":"will","go2":"","meaning":""},{"id":2,"gel":"Who","ge2":"standing  in  for  our  literature  teacher  next  week?","ge3":"","go1":"will  be","go2":"","meaning":""},{"id":3,"gel":"They","ge2":"pulled  down  the  school  building  by  the  end  of  this  month.","ge3":"","go1":"will  have","go2":"","meaning":""},{"id":4,"gel":"'Hey,  it's  raining  again!'  'What  a  shit!  I","ge2":"give  you  an  umbrella.'","ge3":"","go1":"'ll","go2":"","meaning":""}]}