{"title":"Tenses - 3","instructions":"Complete the sentences.","type":3,"helps":null,"contents":[{"id":0,"gel":"What","ge2":"you  thinking  about?","ge3":"","go1":"are","go2":"","meaning":""},{"id":1,"gel":"Sue","ge2":"taking  a  dump  for  two  hours.","ge3":"","go1":"has  been","go2":"","meaning":""},{"id":2,"gel":"Who","ge2":"you","ge3":"to  on  the  phone  when  I  got  home?","go1":"were","go2":"talking","meaning":""},{"id":3,"gel":"They","ge2":"visiting  museums  on  the  first  week.","ge3":"","go1":"will  be","go2":"","meaning":""},{"id":4,"gel":"Chao","ge2":"interested  in  grammar,  is  he?","ge3":"","go1":"isn't","go2":"","meaning":""}]}