{"title":"Tenses - 4","instructions":"Complete the sentences.","type":3,"helps":null,"contents":[{"id":0,"gel":"I  have","ge2":"for  three  minutes.","ge3":"","go1":"been  pissing","go2":"","meaning":""},{"id":1,"gel":"How  long","ge2":"you","ge3":"learning  English?","go1":"have","go2":"been","meaning":""},{"id":2,"gel":"Well,","ge2":"Sue","ge3":"your  brother  yet?","go1":"has","go2":"met","meaning":""},{"id":3,"gel":"Since","ge2":"have  you","ge3":"each  other?","go1":"when","go2":"known","meaning":""}]}