{"title":"Tenses - 9","instructions":"Complete the sentences.","type":3,"helps":null,"contents":[{"id":0,"gel":"I","ge2":"eat  ice-cream.  I'm  allergic  to  it.","ge3":"","go1":"don't","go2":"","meaning":""},{"id":1,"gel":"","ge2":"you  take  the  dog  out  for  a  walk?","ge3":"","go1":"Did","go2":"","meaning":""},{"id":2,"gel":"Sue  never","ge2":"her  homework.","ge3":"","go1":"does","go2":"","meaning":""},{"id":3,"gel":"Why","ge2":"you  play  more  games?","ge3":"","go1":"don't","go2":"","meaning":""},{"id":4,"gel":"Peter","ge2":"give  a  damn  about  anything.","ge3":"","go1":"doesn't","go2":"","meaning":""}]}