{"title":"Tenses - 2","instructions":"Complete the sentences.","type":3,"helps":null,"contents":[{"id":0,"gel":"I","ge2":"see  the  match  last  night.","ge3":"","go1":"didn't","go2":"","meaning":""},{"id":1,"gel":"Why","ge2":"you  quit  your  job?","ge3":"","go1":"did","go2":"","meaning":""},{"id":2,"gel":"What","ge2":"you  doing  at  5  o'clock?","ge3":"","go1":"were","go2":"","meaning":""},{"id":3,"gel":"Where","ge2":"Jack","ge3":"when  I  saw  him?","go1":"was","go2":"going","meaning":""},{"id":4,"gel":"How  many  people","ge2":"you","ge3":"to  your  birthday  party?","go1":"did","go2":"invite","meaning":""}]}