{"title":"Tenses - 6","instructions":"Complete the sentences.","type":3,"helps":null,"contents":[{"id":0,"gel":"Have  the  offices","ge2":"cleaned  yet?","ge3":"","go1":"been","go2":"","meaning":""},{"id":1,"gel":"Don't  blame  her,  she","ge2":"told  to  do  this.","ge3":"","go1":"has  been","go2":"","meaning":""},{"id":2,"gel":"What","ge2":"Tom","ge3":"when  you  met  him?","go1":"was","go2":"doing","meaning":""},{"id":3,"gel":"How  long","ge2":"you","ge3":"drinking  beer?","go1":"have","go2":"been","meaning":""},{"id":4,"gel":"","ge2":"they","ge3":"celebrating  the  anniversary  all  next  week?","go1":"will","go2":"be","meaning":""}]}