{"title":"Tenses - 8","instructions":"Complete the sentences.","type":3,"helps":null,"contents":[{"id":0,"gel":"I've","ge2":"this  backache  since  I","ge3":"that  car  accident.","go1":"had","go2":"had","meaning":""},{"id":1,"gel":"I  have","ge2":"six  times  from  five  different  work  places.","ge3":"","go1":"been  fired","go2":"","meaning":""},{"id":2,"gel":"How  long","ge2":"this  fucking  rain","ge3":"pouring?","go1":"has","go2":"been","meaning":""},{"id":3,"gel":"I","ge2":"been","ge3":"English  for  35  years.","go1":"have","go2":"learning","meaning":""}]}