{"title":"Yin and Yang Part 2","instructions":"Complete the sentences with the given words.","type":3,"helps":null,"contents":[{"id":0,"gel":"These  forces  form  a  dynamic  system  in  which  the  whole  is  greater  than  the","ge2":"parts.","ge3":"","go1":"assembled","go2":"","meaning":""},{"id":1,"gel":"Everything  has  both  yin  and  yang  aspects,  for","ge2":", shadow  cannot  exist  without  light.","ge3":"","go1":"instance","go2":"","meaning":""},{"id":2,"gel":"The  yin  yang  shows  a  balance  between  two  opposites  with  a","ge2":"of  the  opposite  element  in  each  section.","ge3":"","go1":"portion","go2":"","meaning":""},{"id":3,"gel":"In  Taoist  metaphysics,","ge2":"between  good  and  bad,  along  with  other  dichotomous  moral  judgments,  are  perceptual,  not  real.","ge3":"","go1":"distinctions","go2":"","meaning":""},{"id":4,"gel":"Therefore,  the  duality  of  yin  and  yang  is  an","ge2":"whole.","ge3":"","go1":"indivisible","go2":"","meaning":""},{"id":5,"gel":"In  the  ethics  of  Confucianism  on  the  other","ge2":"a  moral  dimension  is  attached  to  the  idea  of  yin  and  yang.","ge3":"","go1":"hand","go2":"","meaning":""}]}