{"title":"Yin and Yang Part 1","instructions":"Complete the sentences with the given words.","type":3,"helps":null,"contents":[{"id":0,"gel":"Yin  and  yang  are  seemingly  opposite  forces  which  are","ge2":"interconnected,  and  interdependent  in  the  natural  world.","ge3":"","go1":"complementary,","go2":"","meaning":""},{"id":1,"gel":"They  may  give","ge2":"to  each  other  as  they  interrelate  to  one  another.","ge3":"","go1":"rise","go2":"","meaning":""},{"id":2,"gel":"Many  dualities  (such  as  light  and  dark,  fire  and  water)  are  thought  of  as  physical  manifestations  of  the  duality","ge2":"by  yin  and  yang.","ge3":"","go1":"symbolized","go2":"","meaning":""},{"id":3,"gel":"This  duality  lies  at  the  origins  of  many  branches  of  classical  Chinese  science  and  philosophy,","ge2":"being  a  primary  guideline  of  traditional  Chinese  medicine.","ge3":"","go1":"as  well  as","go2":"","meaning":""},{"id":4,"gel":"Duality  is  found  in  many  belief  systems,  but  yin  and  yang  are  parts  of  a  Oneness  that  is  also","ge2":"with  the  Tao.","ge3":"","go1":"equated","go2":"","meaning":""},{"id":5,"gel":"The  term  'dualistic-monism'  has  been  coined  in  an","ge2":"to  express  this  fruitful  paradox  of  simultaneous  unity  and  duality.","ge3":"","go1":"attempt","go2":"","meaning":""},{"id":6,"gel":"Yin  and  yang  can  be  described  as  complementary forces","ge2":"opposing  ones.","ge3":"","go1":"rather  than","go2":"","meaning":""}]}