{"title":"Quantity - a few, few, a little or a little - 2","instructions":"Complete the sentences with B1a fewB2, B1fewB2, B1a littleB2 or B1littleB2.","weight":"2","exa":null,"type":"0","helps":["QUANTITY\/few_little.html"],"contents":[{"id":0,"sentence":["There's "," space in the car boot, so you can bring your fishing tackle."],"solutions":["GGG"],"distractors":[["a few","a little","few","little"]],"solu":["1"],"remarks":[["Corr: a little. The fact that 'you can bring the fishing tackle', means that there's enough space, so only 'a little' is correct as 'space' is uncountable."]]},{"id":1,"sentence":["There are "," words in this dictionary. I need a bigger one."],"solutions":["GGG"],"distractors":[["a few","a little","few","little"]],"solu":["2"],"remarks":[["Corr: few. The number of words in the dictionary is not enough, and 'words' is countable, so only 'few' is correct."]]},{"id":2,"sentence":["We must hurry. There's very "," time before the play starts."],"solutions":["GGG"],"distractors":[["a few","a little","few","little"]],"solu":["3"],"remarks":[["Corr: little. There's not enough time and 'time' is uncountable, so only 'little' is correct."]]},{"id":3,"sentence":["There were just "," people visiting the restaurant. That's why it was closed."],"solutions":["GGG"],"distractors":[["a few","a little","few","little"]],"solu":["2"],"remarks":[["Corr: few. The number of people was not enough and 'people' is countable, so only 'few' is okay here."]]},{"id":4,"sentence":["I have very "," CDs, so please ask someone else to play music at your party."],"solutions":["GGG"],"distractors":[["a few","a little","few","little"]],"solu":["2"],"remarks":[["Corr: few. The speaker doesn't have enough CDs and 'CDs' is countable, so 'few' is correct here only."]]},{"id":5,"sentence":["She's got "," furniture in her bedroom. There's only a bed, nothing more."],"solutions":["GGG"],"distractors":[["a few","a little","few","little"]],"solu":["3"],"remarks":[["Corr: little. The speaker wants to say that the amount of furniture is not much, so only 'little' is correct here. The word 'furniture' is uncountable."]]},{"id":6,"sentence":["She put so "," sugar in my tea that I couldn't drink it at all."],"solutions":["GGG"],"distractors":[["a few","a little","few","little"]],"solu":["3"],"remarks":[["Corr: little. Definitely there was not enough sugar in the tea, and as 'sugar' is uncountable, only 'little' is good here."]]},{"id":7,"sentence":["I have "," free time, practically I'm always busy."],"solutions":["GGG"],"distractors":[["a few","a little","few","little"]],"solu":["3"],"remarks":[["Corr: little. The speaker wants to express that he or she doesn't have enough free time, so only 'little' is correct here. The word 'time' is uncountable."]]},{"id":8,"sentence":["There're "," good pubs in this part of town. We can choose one of those."],"solutions":["GGG"],"distractors":[["a few","a little","few","little"]],"solu":["0"],"remarks":[["Corr: a few. The sentence does not imply that there aren't enough pubs, so we have to use 'a few'."]]},{"id":9,"sentence":["They have met "," times, yet they still don't know each other's names."],"solutions":["GGG"],"distractors":[["a few","a little","few","little"]],"solu":["0"],"remarks":[["Corr: a few. The sentence says they have met enough times to each other's names, yet they don't. So we have to use 'a few'. The word 'times' here means 'occasions', so it's countable."]]}]}