{"title":"Quantity - a few, few, a little or a little - 1","instructions":"Complete the sentences with B1a fewB2, B1fewB2, B1a littleB2 or B1littleB2","weight":"2","exa":null,"type":"0","helps":["QUANTITY\/few_little.html"],"contents":[{"id":0,"sentence":["Don't despair, I always have "," good ideas."],"solutions":["GGG"],"distractors":[["a few","a little","few","little"]],"solu":["0"],"remarks":[["Corr: a few. The sentence does not say that the ideas are not enough and 'ideas' is countable, so only 'a few' is correct."]]},{"id":1,"sentence":["I'm sorry, but there are so "," students in this group that we cannot start the course."],"solutions":["GGG"],"distractors":[["a few","a little","few","little"]],"solu":["2"],"remarks":[["Corr: few. The sentence implies that there weren't enough students, so we need 'few'."]]},{"id":2,"sentence":["I had "," money on me. So I had to borrow "," from Josh."],"solutions":["GGG","GGG"],"distractors":[["a few","a little","few","little"],["a few","a little","few","little"]],"solu":["3-1"],"remarks":[["Corr: little. The sentence says 'I didn't have enough money' and the word 'money' is uncountable, so only 'little' is correct."],["Corr: a little. We refer to 'money', an uncountable noun, and nothing implies the idea 'not enough', so only 'a little' is okay."]]},{"id":3,"sentence":["My mother has too "," patience, so please try not to upset her."],"solutions":["GGG"],"distractors":[["a few","a little","few","little"]],"solu":["3"],"remarks":[["Corr: little. The word 'patience' is uncountable and my mother doesn't have enough of it, so only 'little' is correct."]]},{"id":4,"sentence":["Peter loves reading. He reads "," books every month."],"solutions":["GGG"],"distractors":[["a few","a little","few","little"]],"solu":["0"],"remarks":[["Corr: a few. The sentence does not give you the idea of 'not enough', and 'books' is countable, so only 'a few' is good."]]},{"id":5,"sentence":["I can't make you sponge cake. There are "," eggs."],"solutions":["GGG"],"distractors":[["a few","a little","few","little"]],"solu":["2"],"remarks":[["Corr: few. The word 'eggs' is countable, and there aren't enough of them, so only 'few' is correct."]]},{"id":6,"sentence":["We can't go there in my car. There is "," petrol in it."],"solutions":["GGG"],"distractors":[["a few","a little","few","little"]],"solu":["3"],"remarks":[["Corr: little. The sentence says there's not enough petrol, and 'petrol' is uncountable, so only 'little' is acceptable here."]]},{"id":7,"sentence":["We were all very hungry, but we ate "," shepherd's pie, and then everything was okay."],"solutions":["GGG"],"distractors":[["a few","a little","few","little"]],"solu":["1"],"remarks":[["Corr: a little. The sentence doesn't imply that the sepherd's pie wasn't enough, and as it's uncountable, only 'a little' is correct."]]},{"id":8,"sentence":["My wife likes dressing up. She buys "," clothes every week."],"solutions":["GGG"],"distractors":[["a few","a little","few","little"]],"solu":["0"],"remarks":[["Corr: a few. The word 'clothes' countable and the sentence doesn't say something is 'not enough', so 'a few' is the only correct choice here."]]},{"id":9,"sentence":["'There's "," bread at home.' 'OK, I'll buy "," then in the shops.'"],"solutions":["GGG","GGG"],"distractors":[["a few","a little","few","little"],["a few","a little","few","little"]],"solu":["3-1"],"remarks":[["Corr: little. The word 'bread' is uncountable and the sentence says there's not enough of it, so only 'little' is correct."],["Corr: a little. The word 'bread' is uncountable and nothing says it's not enough, so only 'a little' is correct here."]]}]}