{"title":"Quantity - a few, few, a little or a little - 3","instructions":"Complete the sentences with B1a fewB2, B1fewB2, B1a littleB2 or B1littleB2.","weight":"2","exa":null,"type":"0","helps":["QUANTITY\/few_little.html"],"contents":[{"id":0,"sentence":["I can't put you up. We have very "," space in our house."],"solutions":["GGG"],"distractors":[["a few","a little","few","little"]],"solu":["3"],"remarks":[["Corr: little. The speaker means there's not enough space and as 'space' is uncountable, only 'little' is correct."]]},{"id":1,"sentence":["Why am I sleepy? Because I slept very "," ."],"solutions":["GGG"],"distractors":[["a few","a little","few","little"]],"solu":["3"],"remarks":[["Corr: little. The speaker means that he or she didn't sleep enough, and it refers to 'time', an uncountable noun, so only 'little' is correct."]]},{"id":2,"sentence":["There were "," empty seats on the bus, so we were able to sit down."],"solutions":["GGG"],"distractors":[["a few","a little","few","little"]],"solu":["0"],"remarks":[["Corr: a few. As they were able to sit down, there were enough seats. And as 'seats' is countable, we have to use 'a few'."]]},{"id":3,"sentence":[""," people fainted at the reception probably because there was very "," air in the room."],"solutions":["GGG","GGG"],"distractors":[["A few","A little","Few","Little"],["a few","a little","few","little"]],"solu":["0-3"],"remarks":[["Corr: A few. The word 'people' is countable and nothing implies the idea of 'not enough', so only 'a few' is correct."],["Corr: little. The air was not enough and and 'air' is uncountable, we need to use 'little'."]]},{"id":4,"sentence":["I've revised this material too "," times to remember everything."],"solutions":["GGG"],"distractors":[["a few","a little","few","little"]],"solu":["2"],"remarks":[["Corr: few. The speaker has not revised the material enough times, so only 'few' is correct here. The word 'times' is countable now, meaning 'occasions'."]]},{"id":5,"sentence":["'This morning I ate very ",", so I'm hungry again.' 'Eat "," biscuits, and you'll be fine until lunch.'"],"solutions":["GGG","GGG"],"distractors":[["a few","a little","few","little"],["a few","a little","few","little"]],"solu":["3-0"],"remarks":[["Corr: little. The speaker didn't eat enough and as we probably refer to an uncountable noun, only 'little' is correct here."],["Corr: a few. The word 'biscuits' is countable and nothing implies 'not enough', so we have to use 'a few'."]]},{"id":6,"sentence":["Now I've got just "," time left and I wasted my time talking to Tom on the phone."],"solutions":["GGG"],"distractors":[["a few","a little","few","little"]],"solu":["3"],"remarks":[["Corr: little. As 'time' is uncountable and the speaker does not have enough of it, we need to use 'little'."]]},{"id":7,"sentence":["'How much money did you win?' 'I played very ",", but I won "," money. So now I'm gonna buy "," beers.'"],"solutions":["GGG","GGG","GGG"],"distractors":[["a few","a little","few","little"],["a few","a little","few","little"],["a few","a little","few","little"]],"solu":["3-1-0"],"remarks":[["Corr: little. The speaker means he or she did not play much and it refers to an activity, or to the duration of it, we need 'little' here."],["Corr: a little. The speaker doesn't say he or she didn't win enough money. And as 'money' is uncountable, we need to use 'a little' here."],["Corr: a few. Here the word 'beers' is countable, because the speaker means 'mugs or pints of beer'. And as nothing implies the idea of 'not enough', we use 'a few'."]]},{"id":8,"sentence":["There's is "," soap left, so we need to buy ","."],"solutions":["GGG","GGG"],"distractors":[["a few","a little","few","little"],["a few","a little","few","little"]],"solu":["3-1"],"remarks":[["Corr: little. The word 'soap' is uncountable and there's not enough of it, so only 'little' is correct."],["Corr: a little. As 'soap' is uncountable and nothing implies 'not enough', we have to use 'a little'."]]},{"id":9,"sentence":["My new mobile needs "," electricity, so the battery lasts for more than two days."],"solutions":["GGG"],"distractors":[["a few","a little","few","little"]],"solu":["3"],"remarks":[["Corr: little. The speaker implies that the mobile doesn't need much electricity and as 'electricity' is uncountable, we need to use 'little'."]]}]}