{"title":"Quantity - much, many, a few, a little and any - 2","instructions":"Complete the sentences with B1muchB2, B1manyB2, B1a fewB2, B1a littleB2 or B1anyB2.","weight":"1","exa":null,"type":"0","helps":["QUANTITY\/much_afew_alittle.html"],"contents":[{"id":0,"sentence":["'How "," do people spend on culture?' 'They spend less and less, but I spend "," every month. I buy "," books every now and then.'"],"solutions":["GGG","GGG","GGG"],"distractors":[["many","much","a few","a little","any"],["many","much","a few","a little","any"],["many","much","a few","a little","any"]],"solu":["1-3-2"],"remarks":[["Corr: much. It's a question and we refer to 'money', an uncountable noun."],["Corr: a little. It's a positive sentence and we refer to an uncountable noun, 'money', so only 'a little' is good."],["Corr: a few. It's a positive sentence and 'books' is countable, so we need 'a few'."]]},{"id":1,"sentence":["Well, we have "," minutes before the play, so I'll pop in the canteen to buy "," things."],"solutions":["GGG","GGG"],"distractors":[["many","much","a few","a little","any"],["many","much","a few","a little","any"]],"solu":["2-2"],"remarks":[["Corr: a few. It's a positive sentence and a countable noun (minutes), so only 'a few' is good."],["Corr: a few. It's a positive sentence and a countable noun (things), so only 'a few' is good."]]},{"id":2,"sentence":["I don't have "," information about George, so I can't speak about him. However, there are "," photos on his Facebook account."],"solutions":["GGG","GGG"],"distractors":[["many","much","a few","a little","any"],["many","much","a few","a little","any"]],"solu":["14-2"],"remarks":[["Corr: much or any. If we want to say that we have no information about him at all, we can use 'any'. If we want to express that we know a little information about him, but not much, 'much' is correct."],["Corr: a few. It's a positive sentence and a countable noun 'photos', so we need 'a few'."]]},{"id":3,"sentence":["'Still no news about Jack?' \u2018Not ",", but he phoned me "," minutes ago, and he said he'll be back in "," days, don't worry.'"],"solutions":["GGG","GGG","GGG"],"distractors":[["many","much","a few","a little","any"],["many","much","a few","a little","any"],["many","much","a few","a little","any"]],"solu":["1-2-2"],"remarks":[["Corr: much. It's a negative sentence and we refer to 'news', an uncountable noun, so only 'much' is correct."],["Corr: a few. It's a positive sentence and a countable noun, 'minutes', so we want 'a few'."],["Corr: a few. It's a positive sentence and a countable noun, 'days', so we want 'a few'."]]},{"id":4,"sentence":["The dish was uneatable, but we put "," salt in it, and then we were able to eat it."],"solutions":["GGG"],"distractors":[["much","many","a few","a little","any"]],"solu":["3"],"remarks":[["Corr: a little. It's a positive sentence and the noun 'salt' is uncountable, so only 'a little' is correct."]]},{"id":5,"sentence":["I don't eat "," strawberries because I hate them, but I eat "," apples every day."],"solutions":["GGG","GGG"],"distractors":[["many","much","a few","a little","any"],["many","much","a few","a little","any"]],"solu":["4-2"],"remarks":[["Corr: any. As the speaker hates strawberries, he or she eats no strawberries at all, so only 'any' is correct."],["Corr: a few. It's a positive sentence and the noun, 'apples' is countable, so only 'a few' is correct."]]},{"id":6,"sentence":["I have "," books, what's more, my mum says I have too ",". Yet I want to buy "," every month."],"solutions":["GGG","GGG","GGG"],"distractors":[["many","much","a few","a little","any"],["many","much","a few","a little","any"],["many","much","a few","a little","any"]],"solu":["2-0-2"],"remarks":[["Corr: a few. It's a positive sentence and 'books' is a countable noun, so only 'a few' is correct."],["Corr: many. It's a positive sentence, yet we can use 'many' because of 'too' before it."],["Corr: a few. It's a positive sentence and we refer to a countable noun, 'books', so we want 'a few' here."]]},{"id":7,"sentence":["'Are there "," mistakes in this document?' 'Yes, there're ",", but not too ",".'"],"solutions":["GGG","GGG","GGG"],"distractors":[["many","much","a few","a little","any"],["many","much","a few","a little","any"],["many","much","a few","a little","any"]],"solu":["04-2-0"],"remarks":[["Corr: many or any. If we think there are some mistakes, we can use 'many' in the question. If we just ask in general, we can use 'any'."],["Corr: It's a positive sentence and we refer to a countable noun, 'mistakes', so we need 'a few'."],["Corr: many. It's a negative sentence and we refer to a countable noun, 'mistakes', so only 'many' is good."]]}]}