{"title":"Quantity - much, many, any - 2","instructions":"Complete the sentences with B1manyB2, B1muchB2 or B1anyB2.","weight":"1","exa":null,"type":"0","helps":["QUANTITY\/much_many_any.html"],"contents":[{"id":0,"sentence":["I didn't lose "," money in the casino, just \u20ac30."],"solutions":["GGG"],"distractors":[["many","much","any"]],"solu":["1"],"remarks":[["Corr: much. The word 'money' is uncountable and we did lose some money, so only 'much' is correct."]]},{"id":1,"sentence":["'Did you score "," goals at the match?' 'No, I didn't score "," goals. I didn't play.'"],"solutions":["GGG","GGG"],"distractors":[["many","much","any"],["many","much","any"]],"solu":["02-2"],"remarks":[["Corr: any or many. If we just ask about the goals, 'any' is correct. If think the other person scored some goals, then 'many' is correct."],["Corr: any. As the speaker scored no goals at all, only 'any' is correct."]]},{"id":2,"sentence":["'Is there "," alcohol in this cocktail?' 'No, sir, this is completely alcohol-free.'"],"solutions":["GGG"],"distractors":[["many","much","any"]],"solu":["2"],"remarks":[["Corr: any. The word 'alcohol' is uncountable and we just ask about the fact whether there is or not alcohol in it."]]},{"id":3,"sentence":["This car doesn't consume "," petrol, only 4.8 litres\/100 km."],"solutions":["GGG"],"distractors":[["many","much","any"]],"solu":["1"],"remarks":[["Corr: much. The word 'petrol' is countable and the car does use some, so only 'much' is correct."]]},{"id":4,"sentence":["I don't have "," problems at the company. Everything is perfect."],"solutions":["GGG"],"distractors":[["many","much","any"]],"solu":["2"],"remarks":[["Corr: any. If 'everything is perfect', then we have no problems at all, so only 'any' is correct."]]},{"id":5,"sentence":["I don't eat "," food, yet I put on weight."],"solutions":["GGG"],"distractors":[["many","much","any"]],"solu":["1"],"remarks":[["Corr: much. The word 'food' is uncountable, so 'many' is not okay, and we do eat some, so we can exclude 'any', too."]]},{"id":6,"sentence":["I read only two books last year. That's not too ",", I know."],"solutions":["GGG"],"distractors":[["many","much","any"]],"solu":["01"],"remarks":[["Corr: many or much. If we think about the number of books, we can use 'many'. If we think about the activity 'reading', 'much' is correct."]]},{"id":7,"sentence":["My work is far from perfect, but I don't make "," mistakes."],"solutions":["GGG"],"distractors":[["many","much","any"]],"solu":["0"],"remarks":[["Corr: many. The work 'mistake' is countable, so 'much' is not correct, and as our work is not perfect, we need to use 'many'."]]},{"id":8,"sentence":["No, thanks, I don't want "," peanuts. I'm allergic to them."],"solutions":["GGG"],"distractors":[["many","much","any"]],"solu":["2"],"remarks":[["Corr: any. The speaker wants no peanuts at all, so only 'any' is correct."]]},{"id":9,"sentence":["'The book cost only 2 pounds.' '2 pounds is not "," money. Why didn't you buy it?'"],"solutions":["GGG"],"distractors":[["many","much","any"]],"solu":["1"],"remarks":[["Corr: much. The word 'money' is uncountable, so 'many' is not correct, and it did cost some money, so we can exclude 'any', too."]]}]}