{"title":"Quantity - much, many, any - 3","instructions":"Complete the sentences with B1manyB2, B1muchB2 or B1anyB2.","weight":"1","exa":null,"type":"0","helps":["QUANTITY\/much_many_any.html"],"contents":[{"id":0,"sentence":["This box is empty. There aren't "," pens in it."],"solutions":["GGG"],"distractors":[["many","much","any"]],"solu":["2"],"remarks":[["Corr: any. As the box is empty, we need to express that there are no pens in it at all. So only 'any' is correct."]]},{"id":1,"sentence":["There isn't "," food left at home, but it'll be enough. I'm doing a slimming diet."],"solutions":["GGG"],"distractors":[["many","much","any"]],"solu":["1"],"remarks":[["Corr: much. The word 'food' is countable, so 'many' is not okay, and there is some, so we can exclude 'any', too."]]},{"id":2,"sentence":["There wasn't "," chocolate left in the box, so I gave it to my son."],"solutions":["GGG"],"distractors":[["many","much","any"]],"solu":["1"],"remarks":[["Corr: much. The word 'chocolate' is uncountable, so 'many' is not okay here, and there was some chocolate, so we cannot use 'any' either."]]},{"id":3,"sentence":["Unfortunately, we didn't score "," goals, so we lost the match 3-0."],"solutions":["GGG"],"distractors":[["many","much","any"]],"solu":["2"],"remarks":[["Corr: any. As we scored no goals at all, only 'any' is correct."]]},{"id":4,"sentence":["Sadly, there aren't "," good songs on this album, just the first two numbers."],"solutions":["GGG"],"distractors":[["many","much","any"]],"solu":["0"],"remarks":[["Corr: many. The word 'song' is countable, so 'much' is not correct here, and there are two good songs, so we cannot use 'any', either."]]},{"id":5,"sentence":["I didn't put "," salt in the soup, just a little."],"solutions":["GGG"],"distractors":[["many","much","any"]],"solu":["1"],"remarks":[["Corr: much. The word 'salt' is uncountable, so 'many' is not correct, and we put in some, so 'any' is not correct either."]]},{"id":6,"sentence":["I didn't ask Peter for "," money, yet he didn't give me "," ."],"solutions":["GGG","GGG"],"distractors":[["many","much","any"],["many","much","any"]],"solu":["1-2"],"remarks":[["Corr: much. The word 'money' is countable, so 'many' is not okay, and I did ask for some, so 'any' isn't correct either."],["Corr: any. Peter gave me no money at all, so only 'any' is correct."]]},{"id":7,"sentence":["There isn't "," furniture in my cell, just a bed and a stool."],"solutions":["GGG"],"distractors":[["many","much","any"]],"solu":["1"],"remarks":[["Corr: much. The word 'furniture' is uncountable, so we can exclude 'many', and there is some furniture, so we can exclude 'any', too."]]},{"id":8,"sentence":["The boss didn't give me "," tasks, just one."],"solutions":["GGG"],"distractors":[["many","much","any"]],"solu":["0"],"remarks":[["Corr: many. The word 'task' is countable so we can exclude 'much' and as the boss did give us some tasks, we can exclude 'any', too."]]},{"id":9,"sentence":["I've told him "," times to use the recycle bin, but he doesn't care "," about it."],"solutions":["GGG","GGG"],"distractors":[["many","much","any"],["many","much","any"]],"solu":["0-1"],"remarks":[["Corr: many. The word 'time' is countable here, meaning the number of occasions, so 'much' is not okay, and we can exclude 'any', too as the sentence is not negative."],["Corr: much. It's not about a countable noun, so 'many' and 'any' are not correct."]]}]}