{"title":"Quantity - much, many, any, a few, a little, few and little","instructions":"Complete the sentences with B1muchB2, B1manyB2, B1anyB2, B1a fewB2, B1fewB2, B1a littleB2 or B1littleB2.","weight":"2","exa":null,"type":"0","helps":["QUANTITY\/much_a_few_all.html"],"contents":[{"id":0,"sentence":["'Have you got "," CDs?' 'No, I haven't, but I have "," cassettes.'"],"solutions":["GGG","GGG"],"distractors":[["much","many","any","<br>a few","a little","few","little"],["much","many","any","<br>a few","a little","few","little"]],"solu":["1-3"],"remarks":[["Corr: many. It's a question and 'CDs' is countable, so only 'many' is correct."],["Corr: a few. It's a statement and 'cassettes' is countable, only 'a few' is correct."]]}]}