{"title":"Quantity - much, many, a few, a little and any - 1","instructions":"Complete the sentences with B1muchB2, B1manyB2, B1a fewB2, B1a littleB2 or B1anyB2.","weight":"1","exa":null,"type":"0","helps":["QUANTITY\/much_afew_alittle.html"],"contents":[{"id":0,"sentence":["'Do you have "," friends?' 'No, I don't have "," friends, only Tom and Sue.'"],"solutions":["GGG","GGG"],"distractors":[["many","much","a few","a little","any"],["many","much","a few","a little","any"]],"solu":["0-0"],"remarks":[["Corr: many. It's a question and 'friends' is countable."],["Corr: many. It's a question and 'friends' is countable."]]},{"id":1,"sentence":["'How "," times have I told you not to push that red button?' 'Maybe you've told it to me "," times, but I always forget it.'"],"solutions":["GGG","GGG"],"distractors":[["many","much","a few","a little","any"],["many","much","a few","a little","any"]],"solu":["0-2"],"remarks":[["Corr: many. It's a question and 'times' is countable here, asking about the number of occasions."],["Corr a few. It's a positive sentence, so we should avoid 'many'. The word 'times' is countable, so only 'a few' is correct."]]},{"id":2,"sentence":["How "," bread did you buy?' 'I bought only a kilo. We won't have too "," guests.'"],"solutions":["GGG","GGG"],"distractors":[["many","much","a few","a little","any"],["many","much","a few","a little","any"]],"solu":["1-0"],"remarks":[["Corr: much. It's a question and 'bread' is uncountable, so only 'much' is okay."],["Corr: many. It's a negative sentence and 'guests' is countable, so only 'many' is good."]]},{"id":3,"sentence":["'Can you stop reading that book, please?' 'All right, I'll just read "," pages and then I'll turn off the lamp.'"],"solutions":["GGG"],"distractors":[["many","much","a few","a little","any"]],"solu":["2"],"remarks":[["Corr: a few. It's a positive sentence and 'pages' is countable, so only 'a few' is correct."]]},{"id":4,"sentence":["'Were the cakes good at the party?' 'I don\u2019t know. I didn't eat "," cakes. I'm on a diet.'"],"solutions":["GGG"],"distractors":[["many","much","a few","a little","any"]],"solu":["4"],"remarks":[["Corr: any. The speaker ate no cakes at all, so only 'any' is correct."]]},{"id":5,"sentence":["There are "," interesting paintings at this exhibition, but not too ","."],"solutions":["GGG","GGG"],"distractors":[["many","much","a few","a little","any"],["many","much","a few","a little","any"]],"solu":["2-0"],"remarks":[["Corr: a few. It's a positive sentence and 'paintings' are countable, so only 'a few' is correct."],["Corr: many. We refer to a countable noun (paintings), and it's a negative sentence, so only 'many' is good."]]},{"id":6,"sentence":["My father doesn't drink "," alcohol, but he smokes "," cigarettes every day."],"solutions":["GGG","GGG"],"distractors":[["many","much","a few","a little","any"],["many","much","a few","a little","any"]],"solu":["14-2"],"remarks":[["Corr: much or any. If he drinks no alcohol whatsoever, then 'any' is correct. If the father drinks some alcohol, but not much, then 'much' is good."],["Corr: a few. It's a positive sentence and 'cigarettes' is countable, so only 'a few' is correct."]]},{"id":7,"sentence":["Don't sit too "," at the computer. It's bad for your health."],"solutions":["GGG"],"distractors":[["many","much","a few","a little","any"]],"solu":["1"],"remarks":[["Corr: much. It's a negative sentence and we refer to an activity, so only 'much' is good."]]},{"id":8,"sentence":["'Do you know "," people at your workplace?' 'Well, I don't know too "," workers, but I know the CEO.'"],"solutions":["GGG","GGG"],"distractors":[["many","much","a few","a little","any"],["many","much","a few","a little","any"]],"solu":["04-0"],"remarks":[["Corr: many or any. If we think the other person knows a few people, we can use 'many'. If we ask in general, we can use 'any', but here 'many' sounds more natural."],["Corr: many. It's a negative sentence and 'workers' is a countable noun, so only 'many' is okay."]]},{"id":9,"sentence":["'Did you get drunk at last night's party?' 'No, I didn't. Of course, I drank "," wine, but not too ",".'"],"solutions":["GGG","GGG"],"distractors":[["many","much","a few","a little","any"],["many","much","a few","a little","any"]],"solu":["3-1"],"remarks":[["Corr: a little. It's a positive sentence and 'wine' is uncountable, so only 'a little' is good."],["Corr: much. We refer to an uncountable noun (wine) and it's a negative sentence, so we need 'much'."]]}]}