{"title":"Quantity - much, many, any - 1","instructions":"Complete the sentences with B1manyB2, B1muchB2 or B1anyB2.","weight":"1","exa":null,"type":"0","helps":["QUANTITY\/much_many_any.html"],"contents":[{"id":0,"sentence":["I don't have "," money, only 15 pounds."],"solutions":["GGG"],"distractors":[["many","much","any"]],"solu":["1"],"remarks":[["Corr: much. The word 'money' is uncountable and we can't use 'any' because we do have some money."]]},{"id":1,"sentence":["They didn't eat "," sandwiches. They weren't hungry at all."],"solutions":["GGG"],"distractors":[["many","much","any"]],"solu":["2"],"remarks":[["Corr: any. As 'they weren't hungry', they at no sandwiches, so only 'any' is correct."]]},{"id":2,"sentence":["Do you have "," friends, or just Tom and Linda?"],"solutions":["GGG"],"distractors":[["many","much","any"]],"solu":["0"],"remarks":[["Corr: many. It's a question and a countable noun: 'friends', so only 'many' is correct."]]},{"id":4,"sentence":["I know nothing about George. I don't have "," information about him."],"solutions":["GGG"],"distractors":[["many","much","any"]],"solu":["2"],"remarks":[["Corr: any. As I know nothing about George, only 'any' is correct."]]},{"id":5,"sentence":["We don't have "," bread at home. Let's go shopping."],"solutions":["GGG"],"distractors":[["many","much","any"]],"solu":["12"],"remarks":[["Corr: any or much. If we have no bread at all, 'any' is correct. If we have just little bread at home, then 'much' is correct."]]},{"id":6,"sentence":["I don't drink "," coffee a day, just two cups."],"solutions":["GGG"],"distractors":[["many","much","any"]],"solu":["1"],"remarks":[["Corr: much. The word 'coffee' is uncountable, so 'many' is not correct. We don't want to say that we don't drink coffee at all, because we drink 'two cups', so 'any' is not correct either."]]},{"id":7,"sentence":["'Do you watch "," TV?' 'No, I don't watch "," TV. I don't even have a TV set.'"],"solutions":["GGG","GGG"],"distractors":[["many","much","any"],["many","much","any"]],"solu":["12-2"],"remarks":[["Corr: much or any. The question is about an action so 'many' is not correct. It's not about a countable noun."],["Corr: any. The speaker watches no TV at all, so 'any' is correct only."]]},{"id":8,"sentence":["This PC doesn't need "," time to boot up. 8 seconds is enough."],"solutions":["GGG"],"distractors":[["many","much","any"]],"solu":["1"],"remarks":[["Corr: much. The word 'time' is uncountable and we can't say the PC needs no time at all, because it does need 8 seconds, so only 'much' is correct."]]},{"id":9,"sentence":["'How "," money did you win on poker last night?' 'I didn't win "," money because I didn't play.'"],"solutions":["GGG","GGG"],"distractors":[["many","much","any"],["many","much","any"]],"solu":["1-2"],"remarks":[["Corr: much. The word 'money' is uncountable, so only 'much' is correct."],["Corr: any. As the speaker didn't win any money at all, only 'any' is correct here."]]},{"id":10,"sentence":["'Is there "," sugar in this tea?' 'No, there isn't "," sugar in it. I put sweetener in it.'"],"solutions":["GGG","GGG"],"distractors":[["many","much","any"],["many","much","any"]],"solu":["12-2"],"remarks":[["Corr: much or any. If we think there's some sugar in the tea and we ask about its quantity, 'much' is correct. If we ask in general, 'any' is correct."],["Corr: any. The speaker put no sugar in the tea."]]}]}