{"title":"Quantity","instructions":"Chose the alternative that best completes the sentence.","weight":"3","exa":null,"type":"2","helps":[""],"contents":[{"id":0,"sentence":[""," people are created equal."],"solutions":["GGG"],"distractors":[["Every","All","The most"]],"solu":["1"],"remarks":[["Corr: All. After 'every' we use the singular, and 'people' is in the plural.","","Corr: All. 'most' without 'the' would be correct, but 'the most' is used with adjectives."]]},{"id":1,"sentence":["The government has spent a "," of money on sport."],"solutions":["GGG"],"distractors":[["large sums","great deal","lots"]],"solu":["1"],"remarks":[["Corr: great deal. There's an 'a' before the gap, so the plural 'sums' is not correct.","C","Corr: great deal. There's an 'a' before the gap, but 'lots' is in the plural."]]},{"id":2,"sentence":["Thanks to the tax increase, companies have axed a "," of workers."],"solutions":["GGG"],"distractors":[["large number","great deal","plenty"]],"solu":["0"],"remarks":[["C","Corr: large number. 'a great deal of' is used with uncountable nouns. But 'workers' is countable.","Corr: large number. We cannot use 'a' before 'plenty'."]]},{"id":3,"sentence":["When I was a homeless, "," I wanted was a place to sleep."],"solutions":["GGG"],"distractors":[["every","each","all"]],"solu":["2"],"remarks":[["Corr: all. After 'every' we have to use a noun, it cannot stand alone.","Corr: all. 'each' has to refer to a noun, but here there's no noun.","C"]]},{"id":4,"sentence":["I think I'll pass this exam. I knew "," of the answers."],"solutions":["GGG"],"distractors":[["the most","every","most"]],"solu":["2"],"remarks":[["Corr: most. 'the most' is used with adjectives. Here 'most' without 'the' would be correct.","Corr: most. After 'every' we have to use a noun. It can't stand alone.","C"]]},{"id":5,"sentence":["He takes great care of his toy soldier collection. He cleans "," them very carefully."],"solutions":["GGG"],"distractors":[["every of","each","every one of"]],"solu":["2"],"remarks":[["Corr: every one of. We can't use 'every' in 'of'-structures. But 'every one of' would be correct.","Corr: every one of. Here 'each' would be correct if there were an 'of' after it.","C"]]},{"id":6,"sentence":["It was raining and was very cold. No wonder only very "," kids wanted to go out."],"solutions":["GGG"],"distractors":[["few","a few","a little"]],"solu":["0"],"remarks":[["C","Corr: few. 'a few' means 'some', but here we mean that just 'small number of kids'.","Corr: few. 'a little' is not used with countable nouns."]]},{"id":7,"sentence":["Don't watch "," TV. Read books instead."],"solutions":["GGG"],"distractors":[["many","too much","a plenty of"]],"solu":["1"],"remarks":[["Corr: too much. 'many' should refer to a countable noun, but here there's no countable noun.","C","Corr: too much. We cannot use 'a' before 'plenty'."]]}]}