{"title":"Quantity - some, any or a - 2","instructions":"Complete the sentences with B1someB2, B1anyB2, or the indefinite article, a(n)","weight":"0","exa":null,"type":"0","helps":[""],"contents":[{"id":0,"sentence":["'Have you got "," money?' 'Yes, I've got ",".'"],"solutions":["GGG","GGG"],"distractors":[["some","any","a"],["some","any","a"]],"solu":["01-0"],"remarks":[["Corr: any or some. If we ask in general, 'any' is okay. If we expect a positive answer, e.g. would like to ask the person for some money, 'some' is correct."],["Corr. some. It's a positive sentence and 'money' is uncountable, so only 'some' is correct."]]},{"id":1,"sentence":["There are "," women in front of our house."],"solutions":["GGG"],"distractors":[["some","any","a"]],"solu":["0"],"remarks":[["Corr: some. It's a positive sentence and 'women' is in the plural, so only 'some' is correct."]]},{"id":2,"sentence":[""," of my friends think that I'm rich."],"solutions":["GGG"],"distractors":[["Some","Any","A"]],"solu":["0"],"remarks":[["Corr: Some. It's a positive sentence and the verb 'think' refers to a plural subject, so only 'some' is correct."]]},{"id":3,"sentence":["Is there "," chair in the room?"],"solutions":["GGG"],"distractors":[["some","any","a"]],"solu":["2"],"remarks":[["Corr: a. The word 'chair' is countable, but it's in the singular, so only 'a' is correct."]]},{"id":4,"sentence":["I hate that film director. I don't like "," of his films."],"solutions":["GGG"],"distractors":[["some","any","a"]],"solu":["1"],"remarks":[["Corr: any. It's a negative sentence, so only 'any' is correct."]]},{"id":5,"sentence":["Have you got "," pen?"],"solutions":["GGG"],"distractors":[["some","any","a"]],"solu":["2"],"remarks":[["Corr: a. It's a question, but the word 'pen' is countable and in the singular, so only 'a' is correct."]]},{"id":6,"sentence":["There're not "," good films on at the cinema now."],"solutions":["GGG"],"distractors":[["some","any","a"]],"solu":["1"],"remarks":[["Corr: any. It's a negative sentence and 'films' is in the plural, so only 'any' is correct."]]},{"id":7,"sentence":["There isn't "," furniture in his room and there aren't "," pictures on the wall."],"solutions":["GGG","GGG"],"distractors":[["some","any","a"],["some","any","a"]],"solu":["1-1"],"remarks":[["Corr: any. It's a negative sentence, so 'some' is not good and 'furniture' is uncountable, so 'a' is also excluded."],["Corr: any. It's a negative sentence, so 'some' is not geed and 'pictures' is in the plural, so 'a' is not good here either."]]},{"id":8,"sentence":["I don't have "," access to that database whatsoever, so I can't help you."],"solutions":["GGG"],"distractors":[["some","any","an"]],"solu":["1"],"remarks":[["Corr: any. It's a negative sentence, so 'some' is excluded. The word 'access' is uncountable, so 'a' is not correct either."]]},{"id":9,"sentence":["Nobody gave me "," information about Eliot."],"solutions":["GGG"],"distractors":[["some","any","an"]],"solu":["1"],"remarks":[["Corr: any. It's a negative sentence because of 'nobody' and 'information' is uncountable, so only 'any' is correct."]]}]}