{"title":"Quantity - some, any or a - 1","instructions":"Complete the sentences with B1someB2, B1anyB2, or the indefinite article, a(n)","weight":"0","exa":null,"type":"0","helps":["QUANTITY\/some_any.html"],"contents":[{"id":0,"sentence":["There are "," books on the sofa."],"solutions":["GGG"],"distractors":[["some","any","a"]],"solu":["0"],"remarks":[["Corr: some. It's a statement and the noun (book) is in the plural, so only 'some' is correct."]]},{"id":1,"sentence":["'Is there "," bread in the larder?' 'Yes, there's ",".'"],"solutions":["GGG","GGG"],"distractors":[["some","any","a"],["some","any","a"]],"solu":["1-0"],"remarks":[["Corr: any. The word 'bread' is uncountable, so 'a' is not correct here. It's a question, so we have to use 'any'."],["Corr: some. It's a positive sentence, and the word 'bread' is uncountable, so only 'some' is correct."]]},{"id":2,"sentence":["'Are there "," knives on the table?' 'No, there aren't ",".'"],"solutions":["GGG","GGG"],"distractors":[["some","any","a"],["some","any","a"]],"solu":["1-1"],"remarks":[["Corr: any. It's a question and the noun 'knife' is in the plural, so only 'any' is correct."],["Corr: any. It's a negative sentence and the noun is in the plural, so only 'any' is good."]]},{"id":3,"sentence":["Is there "," sugar in my coffee?"],"solutions":["GGG"],"distractors":[["some","any","a"]],"solu":["1"],"remarks":[["Corr: any. This is a question and the word 'sugar' is uncountable, so only 'any' is correct."]]},{"id":4,"sentence":["Would you like "," wine?"],"solutions":["GGG"],"distractors":[["some","any","a"]],"solu":["02"],"remarks":[["Corr: some or a. This sentence is a question, but it's an offering, and so we have to use 'some' We're expecting a positive answer, anyway. 'a' can be correct, too, if we think of 'glass of wine'. Using 'some' sounds more natural."]]},{"id":5,"sentence":["Let's have "," music."],"solutions":["GGG"],"distractors":[["some","any","a"]],"solu":["0"],"remarks":[["Corr: some. It's a positive sentence and 'music' is uncountable, so only 'some' is okay."]]},{"id":6,"sentence":["I haven't got "," money."],"solutions":["GGG"],"distractors":[["some","any","a"]],"solu":["1"],"remarks":[["Corr: any. It's a negative sentence and 'money' is uncountable, so only 'any' is correct."]]},{"id":7,"sentence":["I have got "," horse."],"solutions":["GGG"],"distractors":[["some","any","a"]],"solu":["2"],"remarks":[["Corr: a. It's a positive sentence and the noun is countable, but it is in the singular, so only 'a' is correct."]]},{"id":8,"sentence":["She has got "," interesting books about Van Gogh."],"solutions":["GGG"],"distractors":[["some","any","a"]],"solu":["0"],"remarks":[["Corr: some. It's a positive sentence and 'book' is in the plural, so only 'some' is correct."]]},{"id":9,"sentence":["'Where's my pen?' 'I haven't "," clue.'"],"solutions":["GGG"],"distractors":[["some","any","a"]],"solu":["2"],"remarks":[["Corr: a. It's a negative sentence, but 'clue' is a countable noun and it's in the singular, so 'a' is correct only."]]}]}