{"assigned":[{"id":"5adf967c0e30f","apath":"QUANTITY\/Some_any_a_1.json","atitle":"Quantity - some, any or a - 1","userTipps":null,"correct":"-","date1":"2018-04-24","tipus":"0","viewed":"no","remarks":null,"message":null,"redo":"no","perf":0},{"id":"5ae02cfe73f3c","apath":"QUANTITY\/Some_any_a_2.json","atitle":"Quantity - some, any or a - 2","userTipps":null,"correct":"-","date1":"2018-04-25","tipus":"0","viewed":"no","remarks":null,"message":null,"redo":"no","perf":0},{"id":"5ae02d059b88a","apath":"QUANTITY\/Much_Many_Any_3.json","atitle":"Quantity - much, many, any - 3","userTipps":null,"correct":"-","date1":"2018-04-25","tipus":"0","viewed":"no","remarks":null,"message":null,"redo":"no","perf":0},{"id":"5ae02d0889fd3","apath":"QUANTITY\/Much_Many_Any_4.json","atitle":"Quantity - much, many, any - 4","userTipps":null,"correct":"-","date1":"2018-04-25","tipus":"0","viewed":"no","remarks":null,"message":null,"redo":"no","perf":0},{"id":"5ae02d0ba6b0a","apath":"QUANTITY\/Much_Many_Any_5.json","atitle":"Quantity - much, many, any - 5","userTipps":null,"correct":"-","date1":"2018-04-25","tipus":"0","viewed":"no","remarks":null,"message":null,"redo":"no","perf":0},{"id":"5afd4f815604e","apath":"VOCAB\/ENDREDI\/Voc1.json","atitle":"Vocabulary - 1","userTipps":null,"correct":"-","date1":"2018-05-17","tipus":3,"viewed":"no","remarks":null,"message":null,"redo":"no","perf":0},{"id":"5afd4f877b4f8","apath":"VOCAB\/ENDREDI\/Voc2.json","atitle":"Vocabulary - 2","userTipps":null,"correct":"-","date1":"2018-05-17","tipus":3,"viewed":"no","remarks":null,"message":null,"redo":"no","perf":0},{"id":"5afd4f8cbcc32","apath":"VOCAB\/ENDREDI\/Voc3.json","atitle":"Vocabulary - 3","userTipps":null,"correct":"-","date1":"2018-05-17","tipus":3,"viewed":"no","remarks":null,"message":null,"redo":"no","perf":0},{"id":"5afd4f92af7ce","apath":"VOCAB\/ENDREDI\/Voc4.json","atitle":"Vocabulary - 4","userTipps":null,"correct":"-","date1":"2018-05-17","tipus":3,"viewed":"no","remarks":null,"message":null,"redo":"no","perf":0}],"submitted":null,"corrected":null}