{"assigned":[{"id":"5ad0989831b04","apath":"TENSES\/Pres_Simp_Cont_PastS_Pres_perf_2.json","atitle":"Tenses - four common tenses","userTipps":null,"correct":"-","date1":"2018-04-13","tipus":"1","viewed":"no","remarks":null,"message":null,"redo":"no","perf":0},{"id":"5ad098af401b3","apath":"TENSES\/Pres_Simp_Cont_PastS_Pres_perf_3.json","atitle":"Tenses - four common tenses","userTipps":null,"correct":"-","date1":"2018-04-13","tipus":"1","viewed":"no","remarks":null,"message":null,"redo":"no","perf":0},{"id":"5ad098e201083","apath":"VOCAB\/INTER\/voc31.json","atitle":"Vocabublary 31","userTipps":null,"correct":"-","date1":"2018-04-13","tipus":3,"viewed":"no","remarks":null,"message":null,"redo":"no","perf":0},{"id":"5ad0d3c029836","apath":"VOCAB\/INTER\/voc32.json","atitle":"Vocabublary 32","userTipps":null,"correct":"-","date1":"2018-04-13","tipus":3,"viewed":"no","remarks":null,"message":null,"redo":"no","perf":0},{"id":"5ad0d3e56b8f6","apath":"GRAM6\/RepSp_Statements.json","atitle":"Reported Speech - Statements - 1","userTipps":null,"correct":"-","date1":"2018-04-13","tipus":6,"viewed":"no","remarks":null,"message":null,"redo":"no","perf":0},{"id":"5ad0d3f27237b","apath":"GRAM6\/RepSp_Statements_2.json","atitle":"Reported Speech - Statements - 2","userTipps":null,"correct":"-","date1":"2018-04-13","tipus":6,"viewed":"no","remarks":null,"message":null,"redo":"no","perf":0},{"id":"5ad0d4311f28e","apath":"GRAM6\/RepSp_Statements_3.json","atitle":"Reported Speech - Statements - 2","userTipps":null,"correct":"-","date1":"2018-04-13","tipus":6,"viewed":"no","remarks":null,"message":null,"redo":"no","perf":0}],"submitted":null,"corrected":null}