{"title":"Nyelvtan","uid":null,"instructions":"Fill in the gaps with the given alternatives.","type":"0","contents":[{"id":0,"sentence":["Hast du noch etwas "," ?"],"solutions":["GGG"],"distractors":[["berichtet zu haben ","zu berichten ","berichten "]],"solu":["1"],"remarks":[["not correct ","C ","not correct"]]},{"id":1,"sentence":["H\u00e4tte er den Artikel nicht getestet, so "," er dar\u00fcber keinen Aufsatcz schreiben."],"solutions":["GGG"],"distractors":[["wird ","h\u00e4tte ","k\u00f6nnte "]],"solu":["2"],"remarks":[["not correct ","not correct ","C"]]},{"id":2,"sentence":["Ich glaube, dieser Ort liegt "," N\u00fcrnberg."],"solutions":["GGG"],"distractors":[["bei ","an ","neben "]],"solu":["0"],"remarks":[["C ","correct: bei ","correct: bei"]]},{"id":3,"sentence":["Im Radio habe ich geh\u00f6rt, dass es gestern in Madrid geschneit "," ."],"solutions":["GGG"],"distractors":[["habe ","sei ","sollte "]],"solu":["0"],"remarks":[["C ","correct: habe ","correct: habe"]]},{"id":4,"sentence":["Sie wendet sich in beruflichen Dingen "," Kollegen."],"solutions":["GGG"],"distractors":[["zu \u00e4lteren ","an \u00e4ltere ","auf \u00e4ltere "]],"solu":["1"],"remarks":[["correct: an \u00e4ltere ","C ","correct: an \u00e4ltere"]]},{"id":5,"sentence":["Die Kinder freuen sich schon im Sommer "," Weihnachten."],"solutions":["GGG"],"distractors":[["\u00fcber ","auf ","f\u00fcr"]],"solu":["1"],"remarks":[["corr: auf ","C ","corr: auf"]]},{"id":6,"sentence":["Hier darf nicht geraucht ","."],"solutions":["GGG"],"distractors":[["w\u00fcrden ","werden ","worden"]],"solu":["1"],"remarks":[["corr: werden ","C ","corr: werden"]]}]}