{"title":"Present Perfect - Simple or Continuous","uid":null,"instructions":"Complete the sentences with the alternative that best completes the sentence.","type":"0","contents":[{"id":0,"sentence":["Walter "," there in the rain for an hour."],"solutions":["GGG"],"distractors":[["has stood ","has been standing"]],"solu":["1"],"remarks":[["Corr: has been standing. No quantity, no stative verb. ","C"]]},{"id":1,"sentence":["Sue and Tim "," together for several years."],"solutions":["GGG"],"distractors":[["have dance ","have been dancing"]],"solu":["1"],"remarks":[["Corr: have been dancing. No quantity, no stative verb. ","C"]]},{"id":2,"sentence":["We "," each other for only 2 years, yet we're very good friends."],"solutions":["GGG"],"distractors":[["have known ","have been knowing"]],"solu":["0"],"remarks":[["C ","Corr: have known. The verb 'know' is a stative verb, it's not used in the continuous."]]},{"id":3,"sentence":["I "," this coat for five years."],"solutions":["GGG"],"distractors":[["have had ","have been having"]],"solu":["0"],"remarks":[["C ","Corr: have had. If the verb 'have' expresses possession, we cannot use it in the continuous."]]},{"id":4,"sentence":["I "," to phone the boss since I "," , but no success."],"solutions":["GGG","GGG"],"distractors":[["have tried ","have been trying"],["arrived ","have arrived"]],"solu":["1-0"],"remarks":[["Corr: have been trying. No quantity, no stative verb. ","C"],["C ","Corr: arrived. After 'since' we usually use the past simple"]]},{"id":5,"sentence":["I "," Tom six times since he "," out of prison."],"solutions":["GGG","GGG"],"distractors":[["have met ","have been meeting"],["came ","has come"]],"solu":["0-0"],"remarks":[["C ","Corr: have met. If we mention how many times something has happened, we cannot use the continuous."],["C ","Corr: came. After 'since' we usually use the past simple."]]},{"id":6,"sentence":["'How long "," ?' 'It "," since I "," up.'"],"solutions":["GGG","GGG","GGG"],"distractors":[["has it rained ","has it been raining"],["has rained ","has been raining"],["got ","has got"]],"solu":["1-1-0"],"remarks":[["Corr: has it been raining. No stative verb, no quantity. ","C"],["Corr: has been raining. No stative verb, no quantity. ","C"],["C ","Corr: got. After 'since' we need the past simple."]]},{"id":7,"sentence":["I "," two sandwiches since we "," this journey."],"solutions":["GGG","GGG"],"distractors":[["have eaten ","have been eating"],["started ","have started"]],"solu":["0-0"],"remarks":[["C ","Corr: have eaten. We mention the quantity (two sandwiches), so we cannot use the continuous."],["C ","Corr: started. After 'since' we need to use the past simple"]]},{"id":8,"sentence":["Sam "," this book for two weeks."],"solutions":["GGG"],"distractors":[["has read ","has been reading"]],"solu":["1"],"remarks":[["Corr: has been reading. We can use the continuous because there's no stative verb and no quantity mentioned. ","C"]]},{"id":9,"sentence":["I "," at this lake since 5 o\u2019clock in the morning, when I "," here."],"solutions":["GGG","GGG"],"distractors":[["have fished ","have been fishing"],["arrived ","have arrived"]],"solu":["1-0"],"remarks":[["Corr: have been fishing. We need the continuous because no stative verb, no quantity. ","C"],["C ","Corr: arrived. After 'since' we use the past simple."]]},{"id":10,"sentence":["I "," only two fish since 5 o\u2019clock in the morning."],"solutions":["GGG"],"distractors":[["have caught ","have been catching"]],"solu":["0"],"remarks":[["C ","Corr: have caught. We cannot use the continuous because we mention how many fish we have caught, so there's quantity in the sentence."]]},{"id":11,"sentence":["I "," since morning and I "," more than a hundred miles."],"solutions":["GGG","GGG"],"distractors":[["have driven ","have been driving"],["have driven ","have been driving"]],"solu":["1-0"],"remarks":[["Corr: have been driving. We need the continuous here because no quantity is mentioned and 'drive' is not a stative verb. ","C"],["C ","Corr: have driven. We mention a quantity (a hundred miles), so we cannot use the continuous."]]}]}