{"title":"Relative Clauses","uid":null,"instructions":"Select the alternative that best completes the sentence.","type":2,"contents":[{"id":0,"sentence":["This is the film about "," we spoke last week."],"solutions":["GGG"],"distractors":[["what ","which ","that"]],"solu":["1"],"remarks":[["Corr: which. We cannot use 'what' because we need to refer to a noun (the film). ","C ","Corr: which. After a preposition we cannot use 'that', only 'which' is correct."]]},{"id":1,"sentence":["The experts "," spoke about the problem were all wrong."],"solutions":["GGG"],"distractors":[["which ","who ","what"]],"solu":["1"],"remarks":[["Corr: who. We refer to experts, that is living beings, so we need to use 'who'. ","C ","Corr: who. We refer to experts, that is living beings, so we need to use 'who'."]]}]}