{"title":"Tag Questions","uid":null,"instructions":"Complete the sentneces with the appropriate tag question.","type":0,"contents":[{"id":"0","sentence":["She didn't invite you, ","?"],"solutions":["GGG"],"distractors":[["didn't she ","did she "]],"solu":["1"],"remarks":[["corr: did she. The sentence is negative, so we need a positive tag question. ","C"]]},{"id":"1","sentence":["She hardly touched it, ","?"],"solutions":["GGG"],"distractors":[["did she ","didn't she"]],"solu":["0"],"remarks":[["C ","corr: did she. The word "]]},{"id":2,"sentence":["Bob said he would have come if he had had the time, ","?"],"solutions":["GGG"],"distractors":[["wouldn't he ","didn't he ","hadn't he"]],"solu":["1"],"remarks":[["corr: didn't he. The tag question should refer to the main clause: 'Bob said...'. ","C ","corr: didn't he. The tag question should refer to the main clause: 'Bob said...'."]]}]}