{"title":"The Tang Dynasty","uid":null,"instructions":"Complete the sentences with the alternative that best completes the sentence.","type":0,"contents":[{"id":0,"sentence":["The Tang Dynasty (618-907 CE) is regularly "," as the greatest imperial dynasty in ancient Chinese history."],"solutions":["GGG"],"distractors":[["referred ","cited ","spoken"]],"solu":["1"],"remarks":[["Corr: cited. ","C. ","Corr: cited."]]},{"id":1,"sentence":["It was a golden age of reform and cultural advancement, "," lay the groundwork for policies "," are still observed in China today."],"solutions":["GGG","GGG"],"distractors":[["which ","that ","what"],["which ","that ","what"]],"solu":["0-01"],"remarks":[["C ","Corr: which. After a comma, we cannot use 'that'. ","Corr: which. We refer to a whole sentence, so we need 'which'."],["C ","C ","Corr: which or that. We refer back to a noun 'policies', so we cannot use 'what'."]]},{"id":2,"sentence":["The second emperor, Taizong is "," up as an exemplary ruler who reformed the social structure, military, education, and religious practices."],"solutions":["GGG"],"distractors":[["hold ","hung ","held"]],"solu":["2"],"remarks":[["Corr: held. It's passive, so we need the 3rd form. ","Corr: held. The emperor was not 'hung up'. ","C"]]},{"id":3,"sentence":["Under Taizong's successor, Gaozong, the country experienced further reforms when Gaozong's wife, Wu Zetian "," control of the government."],"solutions":["GGG"],"distractors":[["made ","reached ","took"]],"solu":["2"],"remarks":[["Corr: took. ","Corr: took. ","C"]]},{"id":4,"sentence":["Wu Zetian is China's only female ruler, and "," she is still seen as a very controversial figure today, her reforms laid the "," for the later success of the great emperor Xuanzong (r. 712-756 CE)."],"solutions":["GGG","GGG"],"distractors":[["despite ","even though ","nevertheless"],["table ","price","foundation"]],"solu":["1-2"],"remarks":[["Corr: even though. 'Despite' is a preposition, it can be followed only by a noun. ","C ","Corr: even though. It makes no sense."],["Corr: foundation. ","Corr: foundation. ","C"]]},{"id":5,"sentence":["Under the reign of Xuanzong, China became the most "," country in the world."],"solutions":["GGG"],"distractors":[["rich ","declining ","prosperous"]],"solu":["2"],"remarks":[["Corr: prosperous. ","Corr: prosperous. ","C"]]},{"id":6,"sentence":["Many of the most impressive "," in Chinese history (gunpowder, air conditioning, gas stoves, printing, advancements in medicine, architecture and literature) come from the Tang Dynasty."],"solutions":["GGG"],"distractors":[["inventions ","interventions ","interruptions"]],"solu":["0"],"remarks":[["C ","Corr: inventions. ","Corr: inventions."]]},{"id":7,"sentence":["The emperors Taizong, Wu Zetian, and Xuanzong made the Tang Dynasty the great era that it was, and "," the dynasty "," in power, the golden age ended with Xuanzong's "," which "," the country into chaos."],"solutions":["GGG","GGG","GGG","GGG"],"distractors":[["therefore ","although ","in spite of"],["remained ","raised ","decided"],["proposal ","success ","decline"],["threw ","made ","worked"]],"solu":["1-0-2-0"],"remarks":[["Corr: although. ","C ","Corr: although."],["C ","Corr: remained. ","Corr: remained."],["Corr: decline. ","Corr: decline. ","C"],["C ","Corr: threw. ","Corr: threw."]]},{"id":8,"sentence":["The Tang were "," by the Sung Dynasty (960-1234 CE) who brought "," back to China."],"solutions":["GGG","GGG"],"distractors":[["preceded ","resigned ","succeeded"],["order ","chaos ","punishment"]],"solu":["2-0"],"remarks":[["Corr: succeeded. ","Corr: succeeded. ","C"],["C ","Corr: order. ","Corr: order."]]}]}