{"title":"Nyelvtan","uid":null,"instructions":"Fill in the gaps.","type":0,"contents":[{"id":0,"sentence":["If you "," , I "," go, too."],"solutions":["GGG","GGG"],"distractors":[["go ","went "],["will ","would "]],"solu":["0-0","1-1"],"remarks":[["C ","C "],["C ","C"]]},{"id":1,"sentence":["If I "," money, I "," buy it."],"solutions":["GGG","GGG"],"distractors":[["have ","had "],["will ","would "]],"solu":["0a-0a","1a-1a"],"remarks":[["if you use have,<br> you should use will","if you use had,<br> you should use would"],["with will you should use have","with would you should use had"]]},{"id":2,"sentence":["If I "," you, I "," go to work abroad."],"solutions":["GGG","GGG"],"distractors":[["am ","were "],["will ","would "]],"solu":["1-1"],"remarks":[["correct: was or were. Use past in the if-clause, if there is would in the main clause ","C ","C "],["correct: would. Conditional type 2, only would is correct. It is an imagined situation. ","C "]]},{"id":3,"sentence":["If we "," time, we "," play."],"solutions":["GGG","GGG"],"distractors":[["have ","had "],["will ","would "]],"solu":["1-1"],"remarks":[["correct: had ","C "],["correct: would ","C"]]},{"id":4,"sentence":["What "," you do if you "," in my shoes?"],"solutions":["GGG","GGG"],"distractors":[["will ","would "],["are ","were "]],"solu":["1-1"],"remarks":[["correct: would. It's condi. type 2, imagined situation. ","C "],["correct: were. It's an imagined situ. ","C"]]},{"id":5,"sentence":["If I "," my salary, I "," pay you a beer."],"solutions":["GGG","GGG"],"distractors":[["get ","got "],["will ","would "]],"solu":["0-0"],"remarks":[["C ","type 1 is more probable "],["C ","type 1 is more probable "]]}]}

