{"title":"Verb Patterns","uid":null,"instructions":"Complete the sentences with the given verbs. Use the t-infinitive or the gerund. Sometimes you will need the bare infinitive.","type":0,"contents":[{"id":0,"sentence":["Did you have difficulty in "," the boss "," what we want?"],"solutions":["GGG","GGG"],"distractors":[["to persuade ","persuading"],["to do ","doing"]],"solu":["1-0"],"remarks":[["Corr: persuading. After prepositions, we use the gerund. ","C"],["C ","Corr: to do."]]},{"id":1,"sentence":["I won't climb up this tree. I'm afraid of "," down."],"solutions":["GGG"],"distractors":[["to fall ","falling"]],"solu":["1"],"remarks":[["Corr: falling. After prepositions we use the gerund. ","C"]]},{"id":2,"sentence":["He didn't deny "," the money, so they will sentence him to prison."],"solutions":["GGG"],"distractors":[["to steal ","stealing"]],"solu":["1"],"remarks":[["Corr: stealing. After the verb 'deny' we use the gerund. ","C"]]},{"id":3,"sentence":["Why are you insisting on "," with us to the football match? You don't like "," football."],"solutions":["GGG","GGG"],"distractors":[["to come ","coming"],["to watch ","watching"]],"solu":["1-01"],"remarks":[["Corr: coming. After prepositions, we use the gerund, just like after the verb 'insist on'. ","C"],["C ","C"]]},{"id":4,"sentence":["How much time do you spend "," your e-mails?"],"solutions":["GGG"],"distractors":[["to read ","reading"]],"solu":["1"],"remarks":[["Corr: reading. ","C"]]}]}