{"title":"Vokabel","instructions":"Erg\u00e4nzen Sie die S\u00e4tze.","type":"0","helps":null,"contents":[{"id":0,"sentence":["Meine Eltern sind aus allen "," gefallen, wenn sie erfahren haben, dass ich meine Studien an der Uni aufgegeben habe."],"solutions":["GGG"],"distractors":[["Hosen ","K\u00e4sten ","Wolken"]],"solu":["2"],"remarks":[["Corr: Wolken. 'aus allen Wolken fallen': \u00fcberrascht sein. ","Corr: Wolken. 'aus allen Wolken fallen': \u00fcberrascht sein. ","C"]]},{"id":1,"sentence":["Ich babysitte gern. Ich habe einen guten "," zu Kindern."],"solutions":["GGG"],"distractors":[["Draht ","Weg ","Stern"]],"solu":["0"],"remarks":[["C ","Corr: Draht. 'einen guten Draht haben zu': have a way with, a good relationship with. ","Corr: Draht. 'einen guten Draht haben zu': have a way with, a good relationship with."]]}]}