{"title":"Vokabel","uid":null,"instructions":"Erg\u00e4nzen Sie die S\u00e4tze.","type":"0","contents":[{"id":0,"sentence":["Die Wucht des "," stauchte ihn zusammen, riss seine rechte Hand, die den Gasgriff umfasste, nach unten."],"solutions":["GGG"],"distractors":[["Aufpralls ","Eindrucks ","Schusses"]],"solu":["0"],"remarks":[["C ","Corr: Eindrucks. ","Corr: Schusses."]]},{"id":1,"sentence":["Der Helm wurde ihm in Hamburg \u00fcberreicht, er "," ihn mit Tr\u00e4nen in den Augen ","."],"solutions":["GGG","GGG"],"distractors":[["nahm ","kriegte ","besichtigte"],["ab ","um ","entgegen"]],"solu":["0-2"],"remarks":[["C ","Corr: nahm. ","Corr: nahm."],["Corr: entgegen. ","Corr: entgegen. ","C"]]},{"id":2,"sentence":["Der Helm war eine Verhei\u00dfung ",", dass Ackermann ein anderes Leben f\u00fchren w\u00fcrde als seine Eltern."],"solutions":["GGG"],"distractors":[["dar\u00fcber ","darauf ","darum"]],"solu":["1"],"remarks":[["Corr: darauf, Verhei"],["ung auf. ","C ","Corr: darauf, Verhei"],["ung auf."]]},{"id":3,"sentence":["Felix Baumgartner konnte aus der Stratosph\u00e4re hinab zur Erde springen und dieses Wagnis ","."],"solutions":["GGG"],"distractors":[["eingehen ","\u00fcberleben ","kalkulieren"]],"solu":["1"],"remarks":[["Corr: \u00fcberleben. ","C ","Corr: \u00fcberleben."]]}]}