{"title":"Vokabel","uid":null,"instructions":"Erg\u00e4nzen Sie die S\u00e4tze.","type":"0","contents":[{"id":0,"sentence":["Er ist nie zufrieden und findet immer noch ein Haar in der ",". Ihm kann man es einfach nie recht machen."],"solutions":["GGG"],"distractors":[["Wurst ","Palatschinke ","Suppe"]],"solu":["2"],"remarks":[["Corr: Suppe. ","Corr: Suppe. ","C"]]},{"id":1,"sentence":["Ich muss dann am Ende wieder die negativen Konsequenzen tragen! Ich muss es am Ende "," ."],"solutions":["GGG"],"distractors":[["ausbaden ","anziehen ","abwaschen"]],"solu":["0"],"remarks":[["C ","Corr: ausbaden. ","Corr: ausbaden."]]},{"id":2,"sentence":["Und es ereignet sich nat\u00fcrlich auch noch ausgerechnet dort, wo sich "," und Hase gute Nacht sagen."],"solutions":["GGG"],"distractors":[["B\u00e4r ","Fuchs ","Wolf"]],"solu":["1"],"remarks":[["Corr: Fuchs. ","C ","Corr: Fuchs."]]},{"id":3,"sentence":["Was du hier antwortest, ist allerdings nicht "," wie Hose."],"solutions":["GGG"],"distractors":[["Jacke ","Schuh ","H\u00fcte"]],"solu":["0"],"remarks":[["C ","Corr: Jacke. ","Corr: Jacke."]]},{"id":4,"sentence":["Wenn du noch vor der D\u00e4mmerung spazieren willst, ist es jetzt h\u00f6chste ","."],"solutions":["GGG"],"distractors":[["L\u00fccke ","Kutsche ","Eisenbahn"]],"solu":["2"],"remarks":[["Corr: Eisenbahn. ","Corr: Eisenbahn. ","C"]]},{"id":5,"sentence":["Jetzt wird es ernst, es geht ums Ganze, eine wichtige Entscheidung steht an. Wir sagen: Es geht um "," ."],"solutions":["GGG"],"distractors":[["die Wurst ","den Wein ","das Bier"]],"solu":["0"],"remarks":[["C ","Corr: die Wurst ","Corr: die Wurst"]]},{"id":6,"sentence":["Wer denkt, dass man im Netz surft und dabei anonym bleibt, ist schief ","."],"solutions":["GGG"],"distractors":[["gelegt ","gedreht ","gewickelt"]],"solu":["2"],"remarks":[["Corr: gewickelt. ","Corr: gewickelt. ","C"]]},{"id":7,"sentence":["Wer "," vor dem Kopf hat, begreift etwas Einfaches nicht."],"solutions":["GGG"],"distractors":[["ein Brett ","einen Korb ","einen Trichter"]],"solu":["0"],"remarks":[["C ","Corr: ein Brett. ","Corr: ein Brett."]]}]}