{"title":"Vokabel - 2","instructions":"Erg\u00e4nzen Sie die S\u00e4tze.","type":"0","helps":null,"contents":[{"id":0,"sentence":["Keine Sorge, das neues Gesetz "," nur am 1. Juni in Kraft."],"solutions":["GGG"],"distractors":[["tritt ","geht ","anstellt"]],"solu":["0"],"remarks":[["C ","Corr: tritt. 'in Kraft treten': g\u00fcltig werden. ","Corr: tritt. 'in Kraft treten': g\u00fcltig werden."]]},{"id":1,"sentence":["Wenn ich zu sp\u00e4t zu Hause komme, wird meine Frau Verdacht ","."],"solutions":["GGG"],"distractors":[["sch\u00f6pfen ","aufholen ","eingehen"]],"solu":["0"],"remarks":[["C ","Corr: sch\u00f6pfen. 'Verdacht sch\u00f6pfen': mi\u00dftrauisch werden. ","Corr: sch\u00f6pfen. 'Verdacht sch\u00f6pfen': mi\u00dftrauisch werden."]]},{"id":2,"sentence":["Wir m\u00fcssen uns noch ganz sch\u00f6n ins "," legen, um diesen Termin einhalten zu k\u00f6nnen."],"solutions":["GGG"],"distractors":[["Band ","Element ","Zeug"]],"solu":["2"],"remarks":[["Corr: Zeug. 'sich ins Zeug legen': sich anstrengen. ","Corr: Zeug. 'sich ins Zeug legen': sich anstrengen. ","C"]]},{"id":3,"sentence":["Warum willst du auf das Gesetz Bezug ",", wenn das nicht mehr g\u00fcltig ist?"],"solutions":["GGG"],"distractors":[["nehmen ","legen ","ziehen"]],"solu":["0"],"remarks":[["C ","Corr: nehmen. Bezug nehmen auf: sich auf etwas beziehen. ","Corr: nehmen. Bezug nehmen auf: sich auf etwas beziehen."]]},{"id":4,"sentence":["Bei der Entscheidung wird die Erfahrung der Bewerber in Betracht "," werden."],"solutions":["GGG"],"distractors":[["untergesagt ","eingerechnet ","gezogen"]],"solu":["2"],"remarks":[["Corr: gezogen. Etwas in Betracht ziehen: etwas erw\u00e4gen. ","Corr: gezogen. Etwas in Betracht ziehen: etwas erw\u00e4gen. ","C"]]},{"id":5,"sentence":["Du sollst keinen Eindruck bei dem Lehrer ",". Er kann dich durchschauen."],"solutions":["GGG"],"distractors":[["aufmachen ","schinden ","stehen"]],"solu":["1"],"remarks":[["Corr: schinden. Eindruck schinden: andere beindrucken wollen. ","C ","Corr: schinden. Eindruck schinden: andere beindrucken wollen."]]},{"id":6,"sentence":["Wir verkaufen keinen Computer, wir sind eine Softwarefirma. Wir "," mit Computerprogramme Handel."],"solutions":["GGG"],"distractors":[["treiben ","f\u00fchren ","nehmen"]],"solu":["0"],"remarks":[["C ","Corr: treiben. Handel treiben: mit etwas handeln. ","Corr: treiben. Handel treiben: mit etwas handeln."]]},{"id":7,"sentence":["Leider k\u00f6nnen wir jetzt Ihnen keine finanzielle Hilfe ",". Wir sind zu besch\u00e4ftigt."],"solutions":["GGG"],"distractors":[["geben ","zeigen ","leisten"]],"solu":["2"],"remarks":[["Corr: leisten. Hilfe leisten: Jdm helfen. ","Corr: leisten. Hilfe leisten: Jdm helfen. ","C"]]},{"id":8,"sentence":["Morgen wird der Trainer eine Erkl\u00e4rung zu dem Verlust des Spiels ","."],"solutions":["GGG"],"distractors":[["abgeben ","ank\u00fcndigen ","halten"]],"solu":["0"],"remarks":[["C ","Corr: abgeben. eine Erkl\u00e4rung abgeben: etwas erkl\u00e4ren. ","Corr: abgeben. eine Erkl\u00e4rung abgeben: etwas erkl\u00e4ren."]]},{"id":9,"sentence":["Sp\u00e4ter erkl\u00e4rte mir der Chef, dass er mir keine Hoffnung auf eine Gehaltserh\u00f6hung "," wollte."],"solutions":["GGG"],"distractors":[["machen ","erteilen ","zudr\u00fccken"]],"solu":["0"],"remarks":[["C ","Corr: machen. Sich oder jdm Hoffnung machen: auf etwas hoffen. ","Corr: machen. Sich oder jdm Hoffnung machen: auf etwas hoffen."]]}]}