{"title":"Vokabel - 3","instructions":"Erg\u00e4nzen Sie die S\u00e4tze.","weight":"4","exa":null,"type":"0","helps":null,"contents":[{"id":0,"sentence":["Die Studenten m\u00f6chten Anklage gegen den Direktor ","."],"solutions":["GGG"],"distractors":[["einlegen","zustecken","erheben"]],"solu":["2"],"remarks":[["Corr: erheben. Anklage erheben: jdn anklagen.","Corr: erheben. Anklage erheben: jdn anklagen.","C"]]},{"id":1,"sentence":["Die Regierung hat Steuersenkungen in Aussicht ","."],"solutions":["GGG"],"distractors":[["getroffen","gestellt","gesetzt"]],"solu":["1"],"remarks":[["Corr: gestellt: etwas in Aussicht stellen: etwas als m\u00f6glich darstellen.","C","Corr: gestellt: etwas in Aussicht stellen: etwas als m\u00f6glich darstellen."]]}]}