{"title":"Vokabel - 3","instructions":"Erg\u00e4nzen Sie die S\u00e4tze.","exa":null,"type":"0","helps":null,"contents":[{"id":0,"sentence":["Keine Sorge! Die neuen Steuerregeln "," erst im n\u00e4chsten Jahr zur Anwendung."],"solutions":["GGG"],"distractors":[["kommen ","treten ","wenden"]],"solu":["0"],"remarks":[["C ","Corr: kommen. zur Anwendung kommen: etwas anwenden. ","Corr: kommen. zur Anwendung kommen: etwas anwenden."]]},{"id":1,"sentence":["Wenn wir uns in wirtschaftliche Abh\u00e4ngigkeit ",", werden wir versuchen sie abbauen."],"solutions":["GGG"],"distractors":[["kriegen","treffen ","befinden"]],"solu":["2"],"remarks":[["Corr: befinden. sich in Ab\u00e4ngigkeit befinden: von etwas abh\u00e4ngen. ","Corr: befinden. sich in Ab\u00e4ngigkeit befinden: von etwas abh\u00e4ngen. ","C"]]},{"id":2,"sentence":["Die Kriese in der USA "," direkten Auswirkungen "," die europ\u00e4ische Wirtschaft."],"solutions":["GGG","GGG"],"distractors":[["zeigte ","legte ","hatte"],["auf ","\u00fcber ","gegen"]],"solu":["2-0"],"remarks":[["Corr: hatte. Auswirkungen haben auf: sich auf etwas auswirken. ","Corr: hatte. Auswirkungen haben auf: sich auf etwas auswirken. ","C"],["C ","Corr: auf. Auswirkungen haben auf: sich auf etwas auswirken. ","Corr: auf. Auswirkungen haben auf: sich auf etwas auswirken."]]},{"id":3,"sentence":["Das Management und die Angestellten haben \u00fcber die Gehaltserh\u00f6hung bereits eine Absprache ","."],"solutions":["GGG"],"distractors":[["gestanden ","zugemacht ","getroffen"]],"solu":["2"],"remarks":[["Corr: getroffen. eine Absprache treffen: etwas absprechen. ","Corr: getroffen. eine Absprache treffen: etwas absprechen. ","C"]]},{"id":4,"sentence":["Leider hat die Gemeinde keinen Beschluss \u00fcber neue Aufgaben ","."],"solutions":["GGG"],"distractors":[["gefasst ","befunden ","ausgedruckt"]],"solu":["0"],"remarks":[["C ","Corr: gefasst. einen Baschluss fassen: etwas beschlie\u00dfen. ","Corr: gefasst. einen Baschluss fassen: etwas beschlie\u00dfen."]]},{"id":5,"sentence":["Also du kannst n\u00e4chste Woche nach Ungarn fahren. Das ist toll! Endlich "," dein W\u00fcnsch in Erf\u00fcllung."],"solutions":["GGG"],"distractors":[["findet ","geht ","geratet"]],"solu":["1"],"remarks":[["Corr: geht. In Erf\u00fcllung gehen: erf\u00fcllt werden. ","C ","Corr: geht. In Erf\u00fcllung gehen: erf\u00fcllt werden."]]},{"id":6,"sentence":["Warum kannst du deine Fehler nie ","? Es gibt Dinge, die menschlich unm\u00f6glich sind."],"solutions":["GGG"],"distractors":[["einsehen ","begehen ","treiben"]],"solu":["0"],"remarks":[["C ","Corr: einsehen: einsichtig sein. ","Corr: einsehen: einsichtig sein."]]},{"id":7,"sentence":["Wir werden Sie \u00fcber eine Ver\u00e4nderung des Planes sofort in Kenntnis ","."],"solutions":["GGG"],"distractors":[["geraten ","liegen ","setzen"]],"solu":["2"],"remarks":[["Corr: setzen. jdn in Kenntnis setzen: jdn informieren. ","Corr: setzen. jdn in Kenntnis setzen: jdn informieren. ","C"]]},{"id":8,"sentence":["Es ist mir schwer, Ihren R\u00fccktritt "," Kenntnis zu ",", aber was kann man machen?"],"solutions":["GGG","GGG"],"distractors":[["ins ","zur ","auf"],["nehmen ","stehen ","halten"]],"solu":["1-0"],"remarks":[["Corr: zur. etwas zur Kenntni nehmen: etwas wahrnehmen. ","C ","Corr: zur. etwas zur Kenntni nehmen: etwas wahrnehmen."],["C ","Corr: nehmen. etwas zur Kenntni nehmen: etwas wahrnehmen. ","Corr: nehmen. etwas zur Kenntni nehmen: etwas wahrnehmen."]]},{"id":9,"sentence":[""," du dir dar\u00fcber im Klaren, was der R\u00fccktritt von Angela bedeutet?"],"solutions":["GGG"],"distractors":[["Bist ","Ger\u00e4tst ","Wirst"]],"solu":["0"],"remarks":[["C ","Corr: Bist: sich im Klaren sein \u00fcber: etwas wissen \u00fcber. ","Corr: Bist: sich im Klaren sein \u00fcber: etwas wissen \u00fcber."]]}]}