{"title":"Vokabel","instructions":"Erg\u00e4nzen Sie die S\u00e4tze.","type":"0","helps":null,"contents":[{"id":0,"sentence":["Wie k\u00f6nnte ich meiner Anerkennung Ausdruck ","?"],"solutions":["GGG"],"distractors":[["finden ","geben ","kriegen"]],"solu":["1"],"remarks":[["Corr: gew\u00e4hren. Etwas Ausdruck geben. ","C ","Corr: gew\u00e4hren. Etwas Ausdruck geben."]]},{"id":1,"sentence":["Der Beamte konnte mir keine Auskunft "," die Details ","."],"solutions":["GGG","GGG"],"distractors":[["an ","von ","\u00fcber"],["erteilen ","folgen ","geben"]],"solu":["2-02"],"remarks":[["Corr: \u00fcber. ","Corr: \u00fcber. ","C"],["C ","Corr: Auskunft geben oder erteilen ","C"]]},{"id":2,"sentence":["Ich brauche niemand, mir Gesellschaft zu ","."],"solutions":["GGG"],"distractors":[["sichern ","reichen ","leisten"]],"solu":["2"],"remarks":[["Corr: leisten. jdm Gesellschaft leisten. ","Corr: leisten. jdm Gesellschaft leisten. ","C"]]},{"id":3,"sentence":["Alle Computer m\u00fcssen einer strengen Sicherheitspr\u00fcfung ","."],"solutions":["GGG"],"distractors":[["unterzogen ","vorschreiben ","f\u00fchren"]],"solu":["0"],"remarks":[["C ","Corr: unterzogen. etwas einer Pr\u00fcfung unterziehen. ","Corr: unterzogen. etwas einer Pr\u00fcfung unterziehen."]]},{"id":4,"sentence":["Die \u00c4nderung des Steuersystems "," kein Unterst\u00fcztung bei der Leute ","."],"solutions":["GGG","GGG"],"distractors":[["fand ","kriegte ","stand"],["um ","- ","an"]],"solu":["0-1"],"remarks":[["C ","Corr: fand. Unterst\u00fcztung finden bei jdm. ","Corr: fand. Unterst\u00fcztung finden bei jdm."],["Corr: hier brauchen wir kein Pr\u00e4fix. ","C ","Corr: hier brauchen wir kein Pr\u00e4fix."]]},{"id":5,"sentence":["Meinst du, dass wir auf Details zu gro\u00dfen Wert ","? Vielleicht du hast recht."],"solutions":["GGG"],"distractors":[["legen ","bringen ","spenden"]],"solu":["0"],"remarks":[["C ","Corr: legen. Auf etwas Wert legen. ","Corr: legen. Auf etwas Wert legen."]]},{"id":6,"sentence":["Dein seltsames Verhalten "," den Eindruck, dass du nicht arbeiten willst."],"solutions":["GGG"],"distractors":[["erweckt ","vorschlagt ","hat"]],"solu":["0"],"remarks":[["C ","Corr: erweckt. 'einen Eindruck erwecken': so wirken als ob. ","Corr: erweckt. 'einen Eindruck erwecken': so wirken als ob."]]},{"id":7,"sentence":["Meine Kinder leben im Ausland, also muss ich in Kauf ",", dass ich sie selten treffen kann."],"solutions":["GGG"],"distractors":[["holen ","nehmen ","sitzen"]],"solu":["1"],"remarks":[["Corr: nehmen. 'in Kauf nehmen' etwas akzeptieren m\u00fcssen. ","C ","Corr: nehmen. 'in Kauf nehmen' etwas akzeptieren m\u00fcssen."]]}]}