{"title":"Nyelvtan","instructions":"Fill in the gaps with the given alternatives.","exa":null,"type":"0","helps":null,"contents":[{"id":0,"sentence":["I "," Peter for two years."],"solutions":["GGG"],"distractors":[["haven't seen","didn't see"]],"solu":["0"],"remarks":[["C","Corr: haven't seen"]]},{"id":1,"sentence":["How long "," you "," married?"],"solutions":["GGG","GGG"],"distractors":[["have","were"],["been","---"]],"solu":["0-0"],"remarks":[["C","Corr: have."],["C","Corr: been."]]},{"id":3,"sentence":["I "," Greg since we last "," on Tuesday."],"solutions":["GGG","GGG"],"distractors":[["haven't seen","didn't see"],["have met","met"]],"solu":["0-1"],"remarks":[["C","Corr: haven't seen."],["Corr: met.","C"]]}]}