{"title":"Nyelvtan","instructions":"Fill in the gaps with the given alternatives.","exa":null,"type":"2","helps":null,"contents":[{"id":0,"sentence":["I "," Frank since we last ","."],"solutions":["GGG"],"distractors":[["haven't seen - met","haven't seen - have met","didn't see - met"]],"solu":["0"],"remarks":[["C","Corr: haven't seen - met","Corr: haven't seen - met"]]},{"id":1,"sentence":["How long "," you "," married to your first wife?"],"solutions":["GGG"],"distractors":[["have \/ been","were \/ -","have \/ be"]],"solu":["1"],"remarks":[["Corr: were. ","C","Corr: were."]]}]}