{"title":"Articles 2","instructions":"Complete the sentences with the appropriate article.","weight":"2","exa":null,"type":"0","helps":[""],"contents":[{"id":0,"sentence":["I'm going to "," supermarket. Do you need anything?"],"solutions":["GGG"],"distractors":[["a","the","---"]],"solu":["1"],"remarks":[["Corr: the. Probably both the speaker and the listener know which supermarket is meant, so we need the definite article: 'the'."]]},{"id":1,"sentence":["Could you pass me "," salt, please?"],"solutions":["GGG"],"distractors":[["a","the","---"]],"solu":["1"],"remarks":[["Corr: the. Probably both the speaker and the listener know which salt is meant, so we need the definite article: 'the'."]]},{"id":2,"sentence":["Sonia is studying at "," university."],"solutions":["GGG"],"distractors":[["a","the","---"]],"solu":["2"],"remarks":[["Corr: ---. In such expressions as 'at school', 'at university', etc. we don't need any articles."]]},{"id":3,"sentence":["We invited "," Jackson\u2019s too."],"solutions":["GGG"],"distractors":[["a","the","---"]],"solu":["1"],"remarks":[["Corr: the. In this expression, when we mean the whole family, we need to use 'the'."]]},{"id":4,"sentence":["Ah, "," child labour? Well, "," life is hard, my friend."],"solutions":["GGG","GGG"],"distractors":[["a","the","---"],["a","the","---"]],"solu":["2-2"],"remarks":[["Corr: ---. The word 'labour' is uncountable and is used in a general sense, so no article is needed."],["Corr: ---. The word 'life' is uncountable here and is used in a general sense, so no article is needed."]]},{"id":5,"sentence":[""," was shining happily over "," lake and we all enjoyed ourselves very much."],"solutions":["GGG","GGG"],"distractors":[["A sun","The sun","Sun"],["a","the","---"]],"solu":["1-1"],"remarks":[["Corr: The sun. The word 'sun' is countable, and we cannot use 'a' before it because there's only one."],["Corr: the. Both the speaker and the listener know which 'lake' is meant, so we need 'the'."]]},{"id":6,"sentence":["She gave me "," CD as "," birthday present. It was my favourite band's latest album."],"solutions":["GGG","GGG"],"distractors":[["a","the","---"],["a","the","---"]],"solu":["0-0"],"remarks":[["Corr: a. The word 'CD' is countable and not specified here."],["Corr: a. The word 'present' is countable and not specified here."]]},{"id":7,"sentence":["I like "," Italian, but I hate "," German."],"solutions":["GGG","GGG"],"distractors":[["a","the","---"],["a","the","---"]],"solu":["2-2"],"remarks":[["Corr: ---. Before the name of languages we don't use any articles."],["Corr: ---. Before the name of languages we don't use any articles."]]},{"id":8,"sentence":["I always go to "," work on "," foot."],"solutions":["GGG","GGG"],"distractors":[["a","the","---"],["a","the","---"]],"solu":["2-2"],"remarks":[["Corr: ---. In the expressions 'go to work', 'go to school', we don't use any articles."],["Corr: ---. In the expression 'on foot' we don't use any articles."]]},{"id":9,"sentence":[""," arrived at "," Charing Cross at 7.30."],"solutions":["GGG","GGG"],"distractors":[["A train","The train","Train"],["a","the","---"]],"solu":["01-2"],"remarks":[["Corr: The train or A train. If we know which train we speak about, we use 'the'. If we don't or can't specify what or which train, we use the indefinite article: 'a'."],["Corr: ---. Before the name of railway stations we don't use any articles."]]}]}