{"title":"Articles 1","instructions":"Complete the sentences with the appropriate article.","weight":"2","exa":null,"type":"0","helps":[""],"contents":[{"id":0,"sentence":["They have two horses and "," donkey."],"solutions":["GGG"],"distractors":[["a","the","---"]],"solu":["0"],"remarks":[["Corr: a. We haven't spoken about this donkey."]]},{"id":1,"sentence":["Is she "," doctor?"],"solutions":["GGG"],"distractors":[["a","the","---"]],"solu":["0"],"remarks":[["Corr: a. If speak of someone's job, we have to use 'a(n)' before the job."]]},{"id":2,"sentence":["Do you like "," chocolate?"],"solutions":["GGG"],"distractors":[["a","the","---"]],"solu":["2"],"remarks":[["Corr: ---. We don't need any articles here because 'chocolate' is uncountable and we speak of it in a general sense."]]},{"id":3,"sentence":["We had "," dinner in "," good restaurant."],"solutions":["GGG","GGG"],"distractors":[["a","the","---"],["a","the","---"]],"solu":["2-0"],"remarks":[["Corr: ---. It's a fixed phrase, an expression: have dinner. No articles are used here."],["Corr: a. The 'restaurant' is not specified, it doesn't matter which."]]},{"id":4,"sentence":["They're always at "," home, they never go out."],"solutions":["GGG"],"distractors":[["a","the","---"]],"solu":["2"],"remarks":[["Corr: ---. It's a fixed phrase: to be at home. We don't need any articles."]]},{"id":5,"sentence":["I listen to "," music on my computer, but my father has "," record player."],"solutions":["GGG","GGG"],"distractors":[["a","the","---"],["a","the","---"]],"solu":["2-0"],"remarks":[["Corr: ---. The word 'music' is uncountable and used in a general sense."],["Corr: a. 'record player' is a countable noun and is not specified."]]},{"id":6,"sentence":["They travel a lot by "," plane."],"solutions":["GGG"],"distractors":[["a","the","---"]],"solu":["2"],"remarks":[["Corr: ---. It's a fixed phrase. If we travel, go etc. swhere by car, train, plane, bike, taxi, etc., we don't need any articles."]]},{"id":7,"sentence":["I bought this watch in "," supermarket. Do you like it?"],"solutions":["GGG"],"distractors":[["a","the","---"]],"solu":["01"],"remarks":[["Corr: a or the. If we don't know or it doesn't matter which supermarket, then 'a' is correct. If it's understood which supermarket is meant by the speaker, then 'the' is correct."]]},{"id":8,"sentence":["He threw "," gun into "," Thames."],"solutions":["GGG","GGG"],"distractors":[["a","the","---"],["a","the","---"]],"solu":["01-1"],"remarks":[["Corr: the or a. If we know which 'gun', 'the' is correct. If this 'gun' is not specified, then 'a' is correct."],["Corr: the. The definite article 'the' is used before river names."]]},{"id":9,"sentence":["I saw David walking in "," Oxford Street."],"solutions":["GGG"],"distractors":[["a","the","---"]],"solu":["2"],"remarks":[["Corr: ---. Before street names we don't use articles."]]}]}