{"title":"Conditionals - all three types","instructions":"Complete the sentences with the appropriate form of the verbs in brackets. Use conditinals, type 1, 2 and 3.","type":1,"weight":"3","helps":["conditionals_all.html"],"contents":[{"id":0,"sentence":["If we had left home in time, we "," (not be) late for the first act."],"solutions":[["wouldn't have been","would not have been"]],"userTipps":"GGG_GGG_","explain":["It's type 3 because it's about the past and  there's past perf. in the if-clause."],"teacher":[]},{"id":1,"sentence":["What would you do if you "," (be) in my shoes?"],"solutions":[["were"]],"userTipps":"GGG_GGG_","explain":["Corr: were. It's type 2 because of 'would'."],"teacher":[]},{"id":2,"sentence":["Can you give this note to Bill if you "," (meet) him?"],"solutions":[["meet"]],"userTipps":"GGG_GGG_","explain":["We need present tense here because of 'can' in the main clause."],"teacher":[]},{"id":3,"sentence":["What "," you "," (do) if the boss fires you?"],"solutions":[["will"],["do"]],"userTipps":"GGG_GGG_GGG_","explain":["We need 'will' because it's type 1.","We need 'do' because it's type 1."],"teacher":[]},{"id":4,"sentence":["I "," (hit) the guy on the nose if I had been there."],"solutions":[["would have hit"]],"userTipps":"GGG_GGG_","explain":["It's type 3 because there's past perfect (had been) in the if-clause."],"teacher":[]},{"id":5,"sentence":["If I "," (not have) 6 sports car already, I would buy your Lamborghini, too."],"solutions":[["didn't have","did not have"]],"userTipps":"GGG_GGG_","explain":["We need past simple because it's type 2 conditional indicated by 'would' in the main clause."],"teacher":[]},{"id":6,"sentence":["If I "," (be) you, I "," (accept) that job offer, that's for sure."],"solutions":[["were"],["would accept"]],"userTipps":"GGG_GGG_GGG_","explain":["It's type 2, so we need were here. And 'if I were you' is a special expression, so only 'were' is okay, 'was' not.","It's type 2, so we need 'would accept' here."]}]}