{"title":"Verb patterns: gerund or infinitive - 4","instructions":"Complete the sentences with the verbs. Use the B1gerundB2 or the B1to-infinitiveB2.","type":1,"helps":null,"contents":[{"id":0,"sentence":["I don\u2019t want "," (wait) in front of this shop any more."],"solutions":[["","to wait"]],"userTipps":"GGG_GGG_","explain":["Corr: to wait. After 'want' we use the to-infinitive."],"teacher":[]},{"id":1,"sentence":["I can\u2019t afford "," (buy) a new vacuum cleaner now."],"solutions":[["","to buy"]],"userTipps":"GGG_GGG_","explain":["Corr: to buy. After 'afford' we use the to-infinitive."],"teacher":[]},{"id":2,"sentence":["When did you learn "," (drive)?"],"solutions":[["","to drive"]],"userTipps":"GGG_GGG_","explain":["Corr: to drive. After 'learn' we use the to-infinitive."],"teacher":[]},{"id":3,"sentence":["Luckily I remembered "," (put) my umbrella in my bag, so I didn\u2019t get wet in the rain."],"solutions":[["","to put"]],"userTipps":"GGG_GGG_","explain":["Corr: to put. After 'remember' we use the to-infinitive if we express that we did sg because we hadn't forgotten it."],"teacher":[]},{"id":4,"sentence":["Do you really mean "," (give) up "," (jog)?"],"solutions":[["","to give"],["","jogging"]],"userTipps":"GGG_GGG_GGG_","explain":["Corr: to give. After 'mean' we use the to-infinitive if it means 'intend' or 'want'.","Corr: jogging. After 'give up' we use the gerund."],"teacher":[]},{"id":5,"sentence":["Why don't you practise "," (speak) more?"],"solutions":[["","speaking"]],"userTipps":"GGG_GGG_","explain":["Corr: speaking. After 'practise' we use the gerund."],"teacher":[]}]}