{"title":"Verb Patterns - Verbs followed by both the gerund and infinitive - 2","instructions":"Complete the sentences with the given verbs. Use the to-infinitive or the gerund.","type":1,"helps":null,"contents":[{"id":0,"sentence":["Our teacher never permitted "," (talk) at his lessons."],"solutions":[["talking"]],"userTipps":"GGG_GGG_","explain":["The verb 'permit' is followed by the gerund. If it is followed by another object, then it's followed by the infinitive: permit sb to do sg."],"teacher":[]},{"id":1,"sentence":["They proposed "," (help) us, but something happened and they changed their mind."],"solutions":[["to help"]],"userTipps":"GGG_GGG_","explain":["The verb 'proposed' is followed by the to-infinitive if it means 'to intend' or 'to want'."],"teacher":[]},{"id":2,"sentence":["I think this table needs "," (clean). It's awfully dirty."],"solutions":[["cleaning"]],"userTipps":"GGG_GGG_","explain":["The verb 'need' is usually followed by the to-infinitive, but in passive meaning, by the gerund: the table needs to be cleaned or needs cleaning."],"teacher":[]},{"id":3,"sentence":["So the stain won't come out? Try "," (clean) it with some milk."],"solutions":[["cleaning"]],"userTipps":"GGG_GGG_","explain":["We can use the gerund after 'try' if we suggest trying out a method."],"teacher":[]},{"id":4,"sentence":["They are beginning "," (study) present perfect now."],"solutions":[["to study"]],"userTipps":"GGG_GGG_","explain":["Although 'begin' can be followed by both the gerund and to-infinitive, we use the to-infinitive if 'begin' is already in -ing form."],"teacher":[]},{"id":5,"sentence":["I need "," (speak) to my boss before I can give you a final answer."],"solutions":[["to speak"]],"userTipps":"GGG_GGG_","explain":["The verb 'need' is followed by the to-infinitive."],"teacher":[]},{"id":6,"sentence":["They recommended us "," (consult) a lawyer."],"solutions":[["to consult"]],"userTipps":"GGG_GGG_","explain":["The verb 'recommend' is followed by the gerund, but if there's another object: recommend sb to do sg, we need the to-infinitive."],"teacher":[]},{"id":7,"sentence":["Are you a salesman? Does it mean "," (travel) from one place to the other?"],"solutions":[["travelling"]],"userTipps":"GGG_GGG_","explain":["If the verb 'mean' is used in the meaning entail or involve, it's followed by the gerund."],"teacher":[]},{"id":8,"sentence":["These windows need "," (repair). They won't close properly."],"solutions":[["repairing"]],"userTipps":"GGG_GGG_","explain":["We use the gerund after 'need' in a passive sense: these windows need to be repaired or repairing."],"teacher":[]},{"id":9,"sentence":["Of course I'd like "," (help) you, but I can't. I'm too busy."],"solutions":[["to help"]],"userTipps":"GGG_GGG_","explain":["The verb 'like' is always followed by the to-infinitive if it's preceded by 'would'."],"teacher":[]}]}