{"title":"Verb patterns with adjectives - 1","instructions":"Complete the sentences with the verbs. Use the B1gerundB2 or the B1to-infinitiveB2.","weight":"2","exa":null,"type":"1","helps":null,"contents":[{"id":0,"sentence":["I'm not very good at "," (play) table tennis, but I'm able "," (beat) you at any time."],"solutions":[["playing"],["to beat"]],"userTipps":"GGG_GGG_GGG_","explain":["After a preposition we need to use the gerund.","After 'be able' we need to use the to-infinitive."]},{"id":1,"sentence":["I didn't enjoy "," (visit) so many museums in London."],"solutions":[["visiting"]],"userTipps":"GGG_GGG_","explain":["After 'enjoy' we use the gerund."]},{"id":2,"sentence":["Will you never give up "," (mess) with the boss?"],"solutions":[["messing"]],"userTipps":"GGG_GGG_","explain":["After 'give up' we use the gerund."]},{"id":3,"sentence":["Tracy always arrives at work in time. She doesn't want "," (risk) "," (lose) her job."],"solutions":[["to risk"],["losing"]],"userTipps":"GGG_GGG_GGG_","explain":["After 'want' we use the to-infinitive.","After 'risk' we use the gerund."]},{"id":4,"sentence":["'Are you happy "," (work) here?' 'Yes, but I'm a bit bored at "," (have) to get up early every day.'"],"solutions":[["to work"],["having"]],"userTipps":"GGG_GGG_GGG_","explain":["After adjectives we use the to-infinitive.","There's a preposition here (at), so we have to use the gerund."]},{"id":5,"sentence":["Now we can't afford "," (buy) a new laptop for you."],"solutions":[["to buy"]],"userTipps":"GGG_GGG_","explain":["After 'afford' we use the to-infinitive."]},{"id":6,"sentence":["This app is not capable of "," (select) the users lagging behind with their payments."],"solutions":[["selecting"]],"userTipps":"GGG_GGG_","explain":["There's a preposition here (of), so we need the gerund here."]},{"id":7,"sentence":["I'm not very keen on "," (visit) aunt Mavis in Brighton, but my parents have already decided "," (travel) there."],"solutions":[["visiting"],["to travel"]],"userTipps":"GGG_GGG_GGG_","explain":["There's a preposition (on) after keen, so we need the gerund.","After 'decide' we use the to-infinitive."]}]}