{"title":"Verb patterns: gerund or infinitive - 2","instructions":"Complete the sentences with the verbs. Use the B1gerundB2 or the B1to-infinitiveB2.","type":1,"helps":null,"contents":[{"id":0,"sentence":["I didn\u2019t want "," (walk) the dog."],"solutions":[["","to walk"]],"userTipps":"GGG_GGG_","explain":["Corr: to walk. After 'want' we always use the to-infinitive."],"teacher":[]},{"id":1,"sentence":["Do you enjoy "," (listen) to rap?"],"solutions":[["","listening"]],"userTipps":"GGG_GGG_","explain":["Corr: listening. After 'enjoy' we always use the gerund."],"teacher":[]},{"id":2,"sentence":["They decided "," (open) a small grocery shop."],"solutions":[["","to open"]],"userTipps":"GGG_GGG_","explain":["Corr: to open. After 'decide' we always use the to-infinitive."],"teacher":[]},{"id":3,"sentence":["Why did you stop "," (learn) English?"],"solutions":[["","learning"]],"userTipps":"GGG_GGG_","explain":["Corr: learning. After 'stop' we use the gerund if the gerund is the object of 'stop', so it means to give up doing something."],"teacher":[]},{"id":4,"sentence":["Would you like "," (make) a sandwich for me?"],"solutions":[["","to make"]],"userTipps":"GGG_GGG_","explain":["Corr: to make. We use the to-infinitive after 'would like'. If it's only 'like', we can use both the gerund and the infinitive."],"teacher":[]},{"id":5,"sentence":["Did you manage "," (finish) "," (do) the homework before midnight?"],"solutions":[["","to finish"],["","doing"]],"userTipps":"GGG_GGG_GGG_","explain":["Corr: to finish. After 'manage' we use the to-infinitive.","Corr: doing. After 'finish' we use the gerund."],"teacher":[]}]}