{"title":"Verb patterns: gerund or infinitive - 3","instructions":"Complete the sentences with the verbs. Use the B1gerundB2 or the B1to-infinitiveB2.","type":1,"helps":null,"contents":[{"id":0,"sentence":["Sam offered "," (repair) my car, but as he's only 8 years old, I said no, thanks."],"solutions":[["","to repair"]],"userTipps":"GGG_GGG_","explain":["Corr: to repair. After 'offer' we use the to-infinitive."],"teacher":[]},{"id":1,"sentence":["I tried "," (lift) my wife a bit, but she was too heavy."],"solutions":[["","to lift"]],"userTipps":"GGG_GGG_","explain":["Corr: to lift. After 'try' we use the to-infinitive if it's an attempt. In suggestions, we can use the gerund."],"teacher":[]},{"id":2,"sentence":["Ted promised "," (help) me "," (paint) the door, but he forgot "," (come)."],"solutions":[["","to help"],["","to paint","paint"],["","to come"]],"userTipps":"GGG_GGG_GGG_GGG_","explain":["Corr: to help. After 'promise' we use the to-infinitive.","Corr: to paint or paint. In 'to help sb (to) do sg' both the to-infinitive and the bare infinitive are OK.","_Corr: to come. After 'forget' we use the to-infinitive if express that we didn't do sg because it had slipped out of our mind."],"teacher":[]},{"id":3,"sentence":["I\u2019ll never finish "," (read) this book. It\u2019s so boring!"],"solutions":[["","reading"]],"userTipps":"GGG_GGG_","explain":["Corr: reading. After 'finish' we use the gerund."],"teacher":[]},{"id":4,"sentence":["Do you need "," (get) up early every day?"],"solutions":[["","to get"]],"userTipps":"GGG_GGG_","explain":["Corr: to get. After 'need' we use the to-infinitive."],"teacher":[]},{"id":5,"sentence":["If don\u2019t manage "," (get) to work in time tomorrow, you\u2019ll risk "," (lose) your job."],"solutions":[["","to get"],["","losing"]],"userTipps":"GGG_GGG_GGG_","explain":["Corr: to get. After 'manage' we use the to-infinitive.","Corr: losing. After 'risk' we use the gerund."],"teacher":[]}]}