{"title":"Verb patterns with adjectives - 2","instructions":"Complete the sentences with the verbs. Use the B1gerundB2 or the B1to-infinitiveB2.","weight":"2","exa":null,"type":"1","helps":null,"contents":[{"id":0,"sentence":["I don't like this macrame course. I'm just wasting my time "," (come) here."],"solutions":[["coming"]],"userTipps":"GGG_GGG_","explain":["After 'waste something (time, money, etc.) we use the gerund."]},{"id":1,"sentence":["I'm very sorry for "," (cause) you so much trouble, but I'll never be able "," (learn) "," (control) this machine."],"solutions":[["causing"],["to learn"],["to control"]],"userTipps":"GGG_GGG_GGG_GGG_","explain":["There's a preposition (for), so we need the gerund.","After 'be able' we use the to-infinitive.","After 'learn' we use the to-infinitive."]},{"id":2,"sentence":["As I failed "," (get) into university, so I need "," (get) a job now. I'm good at "," (sit) at a desk. Will you hire me?"],"solutions":[["to get"],["to get"],["sitting"]],"userTipps":"GGG_GGG_GGG_GGG_","explain":["After 'fail' we use the to-infinitive.","After 'need' we use the to-infinitive.","There's a preposition (at) so we use the gerund."]},{"id":3,"sentence":["I'm not trying "," (avoid) "," (meet) Tom. It's by chance that we haven't met for a year."],"solutions":[["to avoid"],["meeting"]],"userTipps":"GGG_GGG_GGG_","explain":["After 'try' we use the to-infinitive if it's not a suggestion.","After 'avoid' we use the gerund."]},{"id":4,"sentence":["If you choose "," (do) this job, the boss will be happy."],"solutions":[["to do"]],"userTipps":"GGG_GGG_","explain":["After 'choose' we use the to-infinitive."]},{"id":5,"sentence":["Please, don't deny "," (steal) the passwords. Everyone knows it was you."],"solutions":[["stealing"]],"userTipps":"GGG_GGG_","explain":["After 'deny' we use the gerund."]},{"id":6,"sentence":["After the meeting, our boss suggested "," (drink) a beer in a pub."],"solutions":[["drinking"]],"userTipps":"GGG_GGG_","explain":["After 'suggest' we use the gerund."]},{"id":7,"sentence":["I don't think Bobby is guilty of "," (commit) this crime. I can't imagine him "," (beat) someone."],"solutions":[["committing"],["beating"]],"userTipps":"GGG_GGG_GGG_","explain":["There's a preposition here (of), so we need the gerund.","After 'imagine' or 'imagine sb doing' we use the gerund."]}]}