[{"user":"Imre_0","cont":[{"title":"Relative Clauses","path":"RelativeCls_MC.json","date":"2018-04-11 07:21:46"},{"title":"Present Perfect - Simple or Continuous","path":"PresPerf_simpOrCont_1.json","date":"2018-04-11 07:22:02"},{"title":"The Tang Dynasty","path":"Tang.json","date":"2018-04-11 07:22:19"},{"title":"Verb Patterns","path":"VerbPatterns_adj.json","date":"2018-04-11 07:22:25"},{"title":"Future Continuous or Future Perfect","path":"GRAM5\/Future_perf_or_cont.json","date":"2018-04-11 07:56:55"}]},{"user":"Chao_4","cont":[{"title":"Present Perfect - Simple or Continuous","path":"PresPerf_simpOrCont_1.json","date":"2018-04-11 07:22:02"},{"title":"The Tang Dynasty","path":"Tang.json","date":"2018-04-11 07:22:19"}]},{"user":"Cheng_3","cont":[{"title":"Future Continuous or Future Perfect","path":"GRAM5\/Future_perf_or_cont.json","date":"2018-04-11 07:56:55"}]}]