{"title":"Present Simple or Continuous - 1","uid":null,"instructions":"Complete the sentences with the verbs in the pop-up box. You will need B1present simpleB2 or B1present continuousB2.","type":"0","contents":[{"id":0,"sentence":["'I "," a book.' 'Really? What "," it about?'"],"solutions":["GGG","GGG"],"distractors":[["write ","am writing"],["do you write ","are you writing"]],"solu":["1-1"],"remarks":[["Corr: am writing. We need the continuous here because this action is in progress. It's not about habits. ","C"],["Corr: are you writing. We need the continuous here because this action is in progress. It's not about habits. ","C"]]},{"id":1,"sentence":["'"," your parents often "," ?' 'No, they're divorced, so they ",". Actually, they totally "," each other."],"solutions":["GGG","GGG","GGG","GGG"],"distractors":[["Do ","Are"],["meet ","meeting"],["very rarely meet ","are very rarely meeting"],["hate ","are hating"]],"solu":["0-0-0-0"],"remarks":[["C ","Corr: Do. We need present simple here."],["C ","Corr: meet. We need present simple here. It's about repeated action as it is shown by the word 'often'."],["C ","Corr: very rarely meet. We need the simple here. It's about habits or repeated actions as is shown by 'rarely'."],["C ","Corr: hate. 'Hate' is a stative verb, we cannot use it in the continuous."]]},{"id":2,"sentence":["'"," home for the weekend?' 'Yes, he ",". It's his birthday, so he "," to miss this occasion.'"],"solutions":["GGG","GGG","GGG"],"distractors":[["Does Bob come ","Is Bob coming"],["does ","is"],["doesn't want ","isn't wanting"]],"solu":["1-1-0"],"remarks":[["Corr: Is Bob coming. We need the continuous because it's about one occasion (for the weekend) and not about repeated actions. ","C"],["Corr: is. The question is in the continuous, so is the short answer. ","C"],["C ","Corr: doesn't want. The verb 'want' is a stative verb, so we cannot use it in the continuous."]]},{"id":3,"sentence":["I "," an exam on Tuesday, yet I "," . I "," a computer game, and I "," about anything. Can you roll me a joint?"],"solutions":["GGG","GGG","GGG","GGG"],"distractors":[["take ","am taking"],["don't learn ","am not learning"],["play ","am palying"],["don't care ","am not caring"]],"solu":["1-1-1-0"],"remarks":[["Corr: am taking. We need the continuous because this action is a one-off occasion and in the future. ","C"],["Corr: am not learning. We need the continuous because this action is in progress now. ","C"],["Corr: am playing. We need the continuous because this action is in progress now. ","C"],["C ","Corr: don't care. The verb 'care' is a stative verb, so we cannot use it in the continuous."]]}]}