{"title":"Present Simple or Continuous - stative verbs 1","instructions":"Complete the sentences with the verbs in brackets. You will need B1present simpleB2 or B1present continuousB2. Pay attention to B1stative verbsB2.","weight":"1","exa":null,"type":"1","helps":[""],"contents":[{"id":0,"sentence":["'"," it "," (cost) you much to run this restaurant?' 'I "," (not know). The bookkeeping "," (belong) to my wife, so she "," (know) more about it.'"],"solutions":[["Does"],["cost"],["don't know","do not know"],["belongs"],["knows"]],"userTipps":"GGG_GGG_GGG_GGG_GGG_GGG_","explain":["Corr: Does. The verb 'cost' is a stative verb, so it's not used in continuous tenses.","Corr: cost. The verb 'cost' is a stative verb, so it's not used in continuous tenses.","Corr: don't know. The verb 'know' is a stative verb, so it's not used in continuous tenses.","Corr: belongs. The verb 'belong' is a stative verb, so it's not used in continuous tenses.","Corr: knows. The verb 'know' is a stative verb, so it's not used in continuous tenses."]},{"id":1,"sentence":["Luke is in the bathroom. He "," (weigh) himself on the scales. He "," (do) this every morning because he "," (do) a slimming diet."],"solutions":[["is weighing"],["does"],["is doing"]],"userTipps":"GGG_GGG_GGG_GGG_","explain":["Corr: is weighing. The verb 'weigh' can be a stative verb, but when used in the sense 'measure the weight of sg', it can be used in the continuous.","Corr: does. It's a habitual, repeated action as shown by 'every morning', so it's present simple.","Corr: is doing. It's present continuous because this action is in progress."]},{"id":2,"sentence":["'What "," you "," (think) about the latest decision of the management?' 'I "," (not like) the idea of a pay cut. The workers "," (not deserve) it.'"],"solutions":[["do"],["think"],["don't like","do not like"],["don't deserve","do not deserve"]],"userTipps":"GGG_GGG_GGG_GGG_GGG_","explain":["Corr: do. When 'think' expresses opinion it cannot be used in the continuous. It can be used in the continuous if it means that someone is considering something in his mind.","Corr: think. When 'think' expresses opinion it cannot be used in the continuous. It can be used in the continuous if it means that someone is considering something in his mind.","Corr: don't like. The verb 'like' is a stative verb, it's about a mental state, so it's not used in the continuous.","Corr: don't deserve. The verb 'deserve' is a stative verb, so it's not used in the continuous. It's in connection with the concept of possession."]},{"id":3,"sentence":["Joe and Bob are in the cellar. They "," (taste) wine. The wine "," (taste) good, so I\u2019m afraid they\u2019ll get drunk quickly."],"solutions":[["are tasting"],["tastes"]],"userTipps":"GGG_GGG_GGG_","explain":["Corr: are tasting. It's present continuous because 'taste' here means the activity of putting something into our mouth to feel its taste.","Corr: taste. It's present simple because 'taste' here means 'to give out or have a certain taste'. So it's not used in the continuous."]},{"id":4,"sentence":["'What's the problem, Mike?' 'Nothing. I "," (think) about the weekend. You know, my mother-in-law "," (come) to visit us.'"],"solutions":[["am thinking"],["is coming"]],"userTipps":"GGG_GGG_GGG_","explain":["Corr: am thinking. It's present continuous because here 'think' means 'consider something in one's mind', so it can be used in the continuous.","Corr: is coming. It's present continuous because it's a planned action for the future and its time is also specified."]},{"id":5,"sentence":["'What "," Tracy ","(do)?' 'She "," (print) out some documents, I "," (guess).'"],"solutions":[["is"],["doing"],["is printing"],["guess"]],"userTipps":"GGG_GGG_GGG_GGG_GGG_","explain":["Corr: is. It's present continuous because the question is about an action which is in progress now.","Corr: doing. It's present continuous because the question is about an action which is in progress now.","Corr: is printing. It's present continuous because the action is in progress now.","Corr: guess. It's present simple because 'guess' when expresses opinion cannot be used in the continuous as with 'think'."]}]}