{"title":"Present Simple or Continuous","instructions":"Complete the sentences with the verbs in the pop-up box. You will need B1present simpleB2 or B1present continuousB2.","weight":"1","exa":null,"type":"1","helps":[""],"contents":[{"id":0,"sentence":["We never "," (get) up late at weekends. We "," (do) some sport every morning."],"solutions":[["get"],["do"]],"userTipps":"GGG_GGG_GGG_","explain":["Corr: get. Because 'never' refers to a repeated action, we need present simple.","Corr: do. The time adverb 'every morning' refers to repeated action, so we need the present simple."]},{"id":1,"sentence":["'What "," you "," (do) in your free time?' 'I usually "," (go) hiking. I "," (love) nature. Tomorrow I "," (go) on a bike tour.'"],"solutions":[["do"],["do"],["go"],["love"],["am going"]],"userTipps":"GGG_GGG_GGG_GGG_GGG_GGG_","explain":["Corr: do. The question is about a habit, so we need present simple.","Corr: do. The question is about a habit, so we need present simple.","Corr: go. It's habit, a repeated action, so we need the present simple.","Corr: love. It's present simple because the verb 'love' is not used in the continuous.","Corr: am going. It's not a habit, it's a one-off occasion tomorrow, so we need the continuous."]},{"id":2,"sentence":["'What "," that man "," (do) there at the corner?' 'I "," (not know). Maybe he "," (wait) for someone.'"],"solutions":[["is"],["doing"],["don't know","do not know"],["is waiting"]],"userTipps":"GGG_GGG_GGG_GGG_GGG_","explain":["Corr: is. It's happening now, so we need the continuous.","Corr: doing. It's happening now, so we need the continuous.","Corr: don't know. The verb 'know' is not used in the continuous.","Corr: is waiting. We need the continuous here because it's happening now."]},{"id":3,"sentence":["'Oh, it "," (rain) again, so I "," (not feel) like going anywhere now.' 'But I "," (like) walking in the rain.'"],"solutions":[["is raining"],["don't feel"],["like"]],"userTipps":"GGG_GGG_GGG_GGG_","explain":["Corr: is raining. It's happening now so we need the continuous.","Corr: don't feel. Usually the verb 'feel' is not used in the continuous.","Corr: like. The verb like is not used the in the continuous."]},{"id":4,"sentence":["'Where "," you "," (go)?' 'I "," (go) shopping. "," you "," (need) anything from the shops?'"],"solutions":[["are"],["going"],["am going"],["Do"],["need"]],"userTipps":"GGG_GGG_GGG_GGG_GGG_GGG_","explain":["Corr: are. We need the continuous because the person is going somewhere now.","Corr: going. We need the continuous because the person is going somewhere now.","Corr: am going. We need the continuous because the person is going somewhere now.","Corr: Do. The verb 'need' is not used in the continuous.","Corr: Do. The verb 'need' is not used in the continuous."]},{"id":5,"sentence":["Well, I can't afford to buy a new PC now. We "," (redecorate) our house at the moment. And I "," (not use) computers too much, anyway."],"solutions":[["are redecorating"],["don't use","do not use"]],"userTipps":"GGG_GGG_GGG_","explain":["Corr: are redecorating. We need the continuous here because it's happening now.","Corr: don't use. It's about a habit, so we need the present simple."]}]}