{"title":"Present Simple or Present Continuous","instructions":"Complete the sentences with the verbs in brackets. Use B1present simpleB2 or B1present continuousB2.","type":1,"contents":[{"id":0,"sentence":["I "," (wait) for my Mom to phone me. She always "," (phone) me in the evening."],"solutions":[["am waiting","'m wating"],["phones"]],"userTipps":"GGG_GGG_GGG_","explain":["Corr: am waiting. It is in progress now, so we need the continuous.","Corr: phones. It is present simple because it is a repeated action as is shown by the word 'always'."],"teacher":["Nincs.","Nincs."]},{"id":1,"sentence":["'What "," (read) now?' 'I "," (not read) anything.'"],"solutions":[["are you reading"],["am not reading","'m not reading"]],"userTipps":"GGG_GGG_GGG_","explain":["Corr: are you reading. It is happening now, so we need the continuous.","Corr: am not reading. Even if it is a negative sentence, it is happening now, so we need the continuous as in the previous question, too."],"teacher":["Nincs.","Nincs."]},{"id":2,"sentence":["'"," (spend) a lot of time at the computer?' 'No, I "," . I "," (do) sport a lot. But now I "," (write) an e-mail to one of my friends."],"solutions":[["Do you spend"],["don't"],["do"],["am writing","'m writing"]],"userTipps":"GGG_GGG_GGG_GGG_GGG_","explain":["Corr: Do you spend. It's in the simple because it is about repeated, habitual actions.","Corr: don't. In short answers only the contracted form is correct, so the form 'do not' would be unusual.","Corr: do. It's about repeated, habitual actions.","Corr: am writing. We need the continuous because it's happening at the moment."],"teacher":["Nincs.","Nincs.","Nincs.","Nincs."]},{"id":3,"sentence":["'What "," (think) of that book by Marquez?' 'Well, I "," (like) it very much."],"solutions":[["do you think"],["like"]],"userTipps":"GGG_GGG_GGG_","explain":["Corr: do you think. When 'think' expresses opinion, we can use it only in simple tenses.","Corr: like. The verb 'like' is a stative verb and it is not used in continuous tenses."],"teacher":["Nincs.","Nincs."]}]}
