{"title":"Present Simple or Continuous 1","instructions":"Complete the sentences with the verbs in brackets. You will need B1present simpleB2 or B1present continuousB2.","weight":"1","exa":null,"type":"1","helps":[""],"contents":[{"id":0,"sentence":["I "," (wait) for Ann. She always "," (arrive) in time everywhere, so she'll get here in a minute."],"solutions":[["am waiting"],["arrives"]],"userTipps":"GGG_GGG_GGG_","explain":["Corr: am waiting. We need the continuous here, because this action is happening now.","Corr: arrives. The sentence contains 'always', so it's a habitual action. So we have to use present simple."]},{"id":1,"sentence":["'What "," you "," (read)?' 'It's a crime story. I "," (not read) crime stories, but it's very interesting.'"],"solutions":[["are"],["reading"],["don't read","do not read"]],"userTipps":"GGG_GGG_GGG_GGG_","explain":["Corr: are. We need the continuous here, because this action is happening now.","Corr: reading. We need the continuous here, because this action is happening now.","Corr: don't read. We need present simple because it's about a habit."]},{"id":2,"sentence":["'Can I speak to Linda, please?' 'Sorry, no. She "," (have) a shower.'"],"solutions":[["is having"]],"userTipps":"GGG_GGG_","explain":["Corr: is having. It's happening now, so we need the continuous."]},{"id":3,"sentence":["'How often "," you "," (go) to the theatre?' 'Unfortunately, very rarely. But I "," (go) Prince Edward next Saturday.'"],"solutions":[["do"],["go"],["am going"]],"userTipps":"GGG_GGG_GGG_GGG_","explain":["Corr: do. The question 'how often' is about repeated, habitual actions, so we need the present simple.","Corr: go. The question 'how often' is about repeated, habitual actions, so we need the present simple.","Corr: am going. I's a plan and we have the time when it's happening, so we can use the present continuous here."]},{"id":4,"sentence":["'Why "," you "," (learn) German? "," you "," (need) it for your job?' 'No, it's just a hobby for me. I "," (like) learning languages.'"],"solutions":[["are"],["learning"],["Do"],["need"],["like"]],"userTipps":"GGG_GGG_GGG_GGG_GGG_GGG_","explain":["Corr: are. We need the continuous because it's happening now.","Corr: learning. We need the continuous because it's happening now.","Corr: Do. It's present simple because the verb 'need' is not used in continuous tenses.'","Corr: need. It's present simple because the verb 'need' is not used in continuous tenses.'","Corr: like. It's present simple because the verb 'like' is not used in continuous tenses.'"]},{"id":5,"sentence":["Mostly I "," (go) to work by bike, but now I can't because it "," (rain)."],"solutions":[["go"],["is raining"]],"userTipps":"GGG_GGG_GGG_","explain":["Corr: go. The adverb 'mostly' refers to habitual, repeated actions, so we need the present simple here.","Corr: is raining. It's happening now, so we need present continuous."]}]}