{"assigned":[{"id":"5b01373b972a6","apath":"VOCAB\/INTER\/voc36.json","atitle":"Vocabublary 36","userTipps":null,"correct":"-","date1":"2018-05-20","tipus":3,"viewed":"no","remarks":null,"message":null,"redo":"no","perf":0},{"id":"5b0137c23a7cf","apath":"PASSIVE\/Passive4ten_compl_GAP_1.json","atitle":"Passive Voice Four Tenses - 1","userTipps":null,"correct":"-","date1":"2018-05-20","tipus":"1","viewed":"no","remarks":null,"message":null,"redo":"no","perf":0},{"id":"5b0137c8364fb","apath":"PASSIVE\/Passive4ten_compl_GAP_2.json","atitle":"Passive Voice Four Tenses - 2","userTipps":null,"correct":"-","date1":"2018-05-20","tipus":"1","viewed":"no","remarks":null,"message":null,"redo":"no","perf":0}],"submitted":[],"corrected":[{"id":"5acd0579558e1","apath":"TENSES\/Pres_Simp_Cont_PastS_Pres_perf_2.json","atitle":"Tenses - four common tenses","userTipps":"wants_bought_don't know_haven't seen_phoned_looked_haven't found_did_loose_say_need_are_reading_buy_have read_don't know_","correct":"OK_OK_OK_OK_OK_NO_OK_OK_NO_OK_OK_OK_OK_OK_OK_OK_","date1":"2018-04-10","tipus":"1","viewed":"2018-04-10 21:37:57","remarks":"-_-_-_-_-_There's present perfect in the next sentence so he's still looking for a job._-_-_Just a spelling mistake._-_-_-_-_-_-_-_","message":"Great job!","redo":"no","perf":1},{"id":"5acef0d16a3bc","apath":"VOCAB\/INTER\/voc31.json","atitle":"Vocabublary 31","userTipps":"0_1_2_3_4_5_6_7_8_9_10_11_","correct":"null","date1":"2018-04-12","tipus":"3","viewed":"2018-04-12 15:37:59","remarks":"-_-_-_-_-_-_-_-_-_-_-_-_","message":"EXCELLENT!","redo":"no","perf":9},{"id":"5acf2556622ad","apath":"TENSES\/Pres_Simp_Cont_PastS_Pres_perf_3.json","atitle":"Tenses - four common tenses","userTipps":"do_visit_have been trying_know_lives_see_am traveling_didn't visit_haven't seen_says_likes_started_hasn't had_Does_like_don't know_hasn't said_came_were chating_were seeing_drank_went_explains_are working_","correct":"OK_OK_NO_OK_OK_OK_OK_OK_OK_OK_OK_OK_OK_OK_OK_OK_OK_OK_OK_NO_OK_OK_OK_OK_","date1":"2018-04-12","tipus":"1","viewed":"2018-04-12 20:53:29","remarks":"-_-_Benne van, hogy 'every month', teh\u00e1t ink\u00e1bb pres. simple._-_-_-_-_-_-_-_-_-_-_-_-_-_-_-_-_A 'see' \u00e9rz\u00e9kel\u00e9st kifejez\u0151 ige, nem haszn\u00e1ljuk folyamatos igeid\u0151kben._-_-_-_-_","message":"Great job!","redo":"no","perf":1},{"id":"5ae3732806dec","apath":"VOCAB\/INTER\/voc33.json","atitle":"Vocabublary 33","userTipps":"0_1_2_3_4_5_6_7_8_9_10_11_","correct":"null","date1":"2018-05-04","tipus":"3","viewed":"2018-05-04 08:49:37","remarks":"-_-_-_-_-_-_-_-_-_-_-_-_","message":"Perfect job!","redo":"no","perf":9},{"id":"5ad0d3b41f53e","apath":"VOCAB\/INTER\/voc32.json","atitle":"Vocabublary 32","userTipps":"0_1_2_3_4_5_6_7_8_9_10_11_","correct":"null","date1":"2018-05-04","tipus":"3","viewed":"2018-05-04 08:49:43","remarks":"-_-_-_-_-_-_-_-_-_-_-_-_","message":"Perfect job!","redo":"no","perf":9},{"id":"5ad0d3df74bdd","apath":"GRAM6\/RepSp_Statements.json","atitle":"Reported Speech - Statements - 1","userTipps":"that we needed to speak._he would try it again_she was coming to our place._she hadn't seen that film._they had already met before._his wife was very happy_he was going to tell this to my mother_they had come to my party._","correct":"OK_OK_OK_OK_OK_OK_NO_OK_","date1":"2018-05-04","tipus":"6","viewed":"2018-05-04 08:49:50","remarks":"-_-_-_-_-_-_-_-_","message":"At 7, we need 'his mother'.","redo":"no","perf":1},{"id":"5ad0d401678c7","apath":"GRAM6\/RepSp_Statements_2.json","atitle":"Reported Speech - Statements - 2","userTipps":"Bill was so stupid._she had never been to Mexico._Sonia hadn't slept well._everybod was working in the garden._Cindy and Bob had been together for 10 years._they were waiting for me._his daughter was listening to music._he weren't at school._","correct":"OK_OK_OK_OK_OK_OK_OK_NO_","date1":"2018-05-04","tipus":"6","viewed":"2018-05-04 08:50:18","remarks":"-_-_-_-_-_-_-_-_","message":"Good job!","redo":"no","perf":1},{"id":"5ad0d42b74b75","apath":"GRAM6\/RepSp_Statements_3.json","atitle":"Reported Speech - Statements - 2","userTipps":"she didn't like cheese._they wouldn't believe your story._it was very hungry._they hadn't went to the party._she hadn't saved my number._he was going home now._she was sorry that she had woken up too early this morning._he liked whisky._","correct":"OK_OK_OK_NO_OK_OK_OK_OK_","date1":"2018-05-04","tipus":"6","viewed":"2018-05-04 08:50:39","remarks":"-_-_-_We need 3rd form after 'had'. So 'gone' is needed._-_-_-_-_","message":"","redo":"no","perf":1},{"id":"5ad0d4311e823","apath":"GRAM6\/RepSp_Statements_3.json","atitle":"Reported Speech - Statements - 2","userTipps":"she didn't like cheese._they wouldn't believe my story._it was very hungry._they hadn't went to the party._she hadn't saved my number._he was going home now._she was sorry that she had woken me up too early this morning._he liked whisky._","correct":"OK_OK_OK_NO_OK_OK_OK_OK_","date1":"2018-05-04","tipus":"6","viewed":"2018-05-04 08:51:02","remarks":"-_-_-_We need 3rd from after 'had'. So 'gone' is needed here._-_-_-_-_","message":"","redo":"no","perf":1},{"id":"5aec9b6cd5e20","apath":"GRAM6\/RepSp_YesNo_1.json","atitle":"Reported Speech - Yes-no Questions 1","userTipps":"if my boss would fire me._if i saw my problem._if i was waiting for the rain._if i said good-bye to George._if i had ever got an electric shock._if i could give me a lift to the station._if i was jogging in the park at 5._if i had put the baby to bed._if i should help you._if i was going to buy a new car._","correct":"OK_NO_OK_NO_OK_NO_NO_NO_NO_OK_","date1":"2018-05-09","tipus":"6","viewed":"2018-05-10 09:58:31","remarks":"-_-_-_-_-_-_-_-_-_-_","message":"","redo":"no","perf":1},{"id":"5aec9b71bd122","apath":"GRAM6\/RepSp_YesNo_2.json","atitle":"Reported Speech - Yes-no Questions 2","userTipps":"if i was talking to my mother._if this dog was barking at us._if the boss had been looking for Tom._if it was raining again._if i had stolen my umbrella._if i could lend him some money so that he could travel home._if they would tell me if passed the exam._if i was going to get a pay rise._","correct":"OK_OK_OK_OK_OK_OK_OK_OK_","date1":"2018-05-09","tipus":"6","viewed":"2018-05-10 09:58:53","remarks":"-_-_-_-_-_-_-_-_","message":"EXCELLENT!","redo":"no","perf":9},{"id":"5aec9b76ea244","apath":"GRAM6\/RepSp_YesNo_3.json","atitle":"Reported Speech - Yes-no Questions 3","userTipps":"if they would ever forget my mistakes._if he should give her a foot massage._if i minded if she drank from my coke._if he might use my bike._if Mark had repaired her car._if i had been asleep in the armchair when he had arrived home._if this damned code would ever compile._if they could finish a bit earlier today._if he should put more ice into his whiskey._if i was listening to her._","correct":"OK_OK_OK_OK_OK_OK_OK_OK_OK_OK_","date1":"2018-05-09","tipus":"6","viewed":"2018-05-10 09:59:00","remarks":"-_-_-_-_-_-_-_-_-_-_","message":"","redo":"no","perf":9},{"id":"5aed8acbb8137","apath":"GRAM6\/RepSp_Wh_quest_1.json","atitle":"Reported Speech - Questions 1","userTipps":"which hotel i had chosen._when they would arrive here._what he could do._how long s\/he did have to stay here._who was going to stand in for me while i was away._what i had done last summer._who the hell i was waiting for._which bus took him to Boston._what i had bought in the shops._","correct":"OK_OK_OK_NO_OK_OK_OK_OK_NO_","date1":"2018-05-09","tipus":"6","viewed":"2018-05-10 09:59:06","remarks":"-_-_-_-_-_-_-_-_-_","message":"","redo":"no","perf":1},{"id":"5aed8ad6c7adb","apath":"GRAM6\/RepSp_Wh_quest_2.json","atitle":"Reported Speech - Questions 2","userTipps":"who i had seen in the park_what i wanted._how long i had been here._where they should go._when i was going to buy a new car._when i could give him back his money._which body part he should chop off._how much money i had given to the gangster._","correct":"OK_OK_OK_OK_OK_OK_OK_OK_","date1":"2018-05-09","tipus":"6","viewed":"2018-05-10 09:59:37","remarks":"-_-_-_-_-_-_-_-_","message":"EXCELLENT!","redo":"no","perf":9},{"id":"5aed8add3a9d3","apath":"GRAM6\/RepSp_Wh_quest_3.json","atitle":"Reported Speech - Questions 3","userTipps":"how much coffee i drank._why i hadn't called him back._when it would stop raining._why your parents couldn't understand each other._how long i had been in prison._when this fucking dog would stop barking._why the bus was full of jerks every morning._what i had said._","correct":"OK_OK_OK_OK_OK_OK_OK_OK_","date1":"2018-05-09","tipus":"6","viewed":"2018-05-10 09:59:41","remarks":"-_-_-_-_-_-_-_-_","message":"","redo":"no","perf":9},{"id":"5aec9bb16ca10","apath":"VOCAB\/INTER\/voc34.json","atitle":"Vocabublary 34","userTipps":"0_1_2_3_4_5_6_7_8_9_10_11_","correct":"null","date1":"2018-05-09","tipus":"3","viewed":"2018-05-10 09:59:58","remarks":"-_-_-_-_-_-_-_-_-_-_-_-_","message":"","redo":"no","perf":9},{"id":"5af54640bb9d1","apath":"VOCAB\/INTER\/voc34.json","atitle":"Vocabublary 34","userTipps":"0_1_2_3_4_5_6_7_8_9_10_11_","correct":"null","date1":"2018-05-17","tipus":"3","viewed":"2018-05-17 20:51:16","remarks":"-_-_-_-_-_-_-_-_-_-_-_-_","message":"","redo":"no","perf":9},{"id":"5af9893c5f921","apath":"VOCAB\/INTER\/voc35.json","atitle":"Vocabublary 35","userTipps":"0_1_2_3_4_5_6_7_8_9_11_10_","correct":"null","date1":"2018-05-17","tipus":"3","viewed":"2018-05-17 20:51:19","remarks":"-_-_-_-_-_-_-_-_-_-_-_-_","message":"","redo":"no","perf":1}]}