{"assigned":[{"id":"5aa7b656cff56","apath":"\/VOCAB\/Idioms_1.json","atitle":"Idioms - 1","userTipps":null,"correct":"-","date1":"2018-03-13","tipus":3,"viewed":"no","remarks":null,"message":null,"redo":"no"},{"id":"5aa8e986eacab","apath":"\/DEUTSCH\/Nomen-Verb_3.json","atitle":"Vokabel - 3","userTipps":null,"correct":"-","date1":"2018-03-14","tipus":"0","viewed":"no","remarks":null,"message":null,"redo":"no"}],"submitted":[],"corrected":[{"id":"5a626d938ebb3","apath":"DEUTSCH\/Deutsch_c1.json","atitle":"Vokabel","userTipps":"2_2_1_0_1_0_2_0_","correct":null,"date1":"2018-01-22","tipus":"0","viewed":"yes","remarks":null,"message":""},{"id":"5aa2de9debd49","apath":"\/DEUTSCH\/Nomen-Verb_2.json","atitle":"Vokabel - 2","userTipps":"0_0_2_0_2_0_0_2_0_1_","correct":"null","date1":"2018-03-10","tipus":"0","viewed":"2018-03-10 19:11:02","remarks":"null","message":"Great job!","redo":"no"},{"id":"5aa4348243682","apath":"\/DEUTSCH\/Nomen-Verb_2.json","atitle":"Vokabel - 2","userTipps":"GGG_GGG_GGG_GGG_GGG_GGG_GGG_GGG_GGG_GGG_","correct":"null","date1":"2018-03-10","tipus":"0","viewed":"2018-03-10 20:41:35","remarks":"null","message":"","redo":"yes"},{"id":"5aa420475743e","apath":"\/DEUTSCH\/Nomen-Verb_2.json","atitle":"Vokabel - 2","userTipps":"0_0_2_0_2_1_0_2_0_0_","correct":"null","date1":"2018-03-10","tipus":"0","viewed":"2018-03-10 20:41:50","remarks":"null","message":"","redo":"yes"},{"id":"5aa6eb1168c18","apath":"\/VOCAB\/Idioms_1.json","atitle":"Idioms - 1","userTipps":"GGG_GGG_GGG_GGG_GGG_GGG_GGG_GGG_","correct":"null","date1":"2018-03-12","tipus":"3","viewed":"2018-03-20 22:51:19","remarks":"-_-_-_-_-_-_-_-_","message":"","redo":"no"}]}