{"title":"Passive Voice Four Tenses - 1","instructions":"Complete the sentence with the verbs in brackets. Use passive voice and B1present simpleB2, B1past simpleB2, B1future simpleB2 or B1present perfectB2.","weight":"1","exa":null,"type":"1","helps":[""],"contents":[{"id":0,"sentence":["'Does Bill still work here?' 'No, he "," (fire)."],"solutions":[["has been fired"]],"userTipps":"GGG_GGG_","explain":["Corr: has been fired. No time is specified, so we don't know when it happened and it's news to the speaker, so it's present perfect."]},{"id":1,"sentence":["'These carpets look very nice!' 'Yes, they "," (clean) last week.'"],"solutions":[["were cleaned"]],"userTipps":"GGG_GGG_","explain":["Corr: were cleaned. It's past simple because of the time adverb 'last week'."]},{"id":2,"sentence":["'What has happened to this window?' 'It "," (break).'"],"solutions":[["has been broken","has got broken"]],"userTipps":"GGG_GGG_","explain":["Corr: has been broken or has got broken. No time is specified, so present perfect is correct here."]},{"id":3,"sentence":["'What are you going to do with this window then' 'It "," (repair) next week.'"],"solutions":[["will be repaired","is going to be repaired"]],"userTipps":"GGG_GGG_","explain":["Corr: It's future simple because of the time adverb 'next week'."]},{"id":4,"sentence":["'Were those two students really drunk?' 'Yes. They "," (send) home by the teacher.'"],"solutions":[["were sent"]],"userTipps":"GGG_GGG_","explain":["Corr: were sent. It's past simple because the question was in the past, too."]},{"id":5,"sentence":["'Where's your bike?' 'Well, it "," (steal).'"],"solutions":[["has been stolen"]],"userTipps":"GGG_GGG_","explain":["Corr: has been stolen. It's present perfect because there's no time adverb in the sentence and the speaker is giving news."]},{"id":6,"sentence":["'Is that dangerous criminal, Victor, still free?' 'No, he "," (catch) by the police.'"],"solutions":[["has been caught"]],"userTipps":"GGG_GGG_","explain":["Corr: has been caught. It's present perfect because there's no time adverb in the sentence."]},{"id":7,"sentence":["'Is Alex fine now?' 'No, he isn't. He "," (operate) on tomorrow.'"],"solutions":[["will be operated","is going to be operated"]],"userTipps":"GGG_GGG_","explain":["Corr: will be operated or is going to be operated. It's future because of the time adverb 'tomorrow'."]}]}