{"title":"Passive Voice Four Tenses - 2","instructions":"Complete the sentence with the verbs in brackets. Use passive voice and B1present simpleB2, B1past simpleB2, B1future simpleB2 or B1present perfectB2.","weight":"1","exa":null,"type":"1","helps":[""],"contents":[{"id":0,"sentence":["'Is your office clean?' 'Yes, it is. It "," (clean) every day.'"],"solutions":[["is cleaned"]],"userTipps":"GGG_GGG_","explain":["Corr: is cleaned. It's present simple because of the time adverb 'every day'."]},{"id":1,"sentence":["'Is this my letter?' 'No, it isn't. Your letter "," (not print) out yet.'"],"solutions":[["hasn't been printed","has not been printed"]],"userTipps":"GGG_GGG_","explain":["Corr: hasn't been printed. It's present perfect because of 'yet'."]},{"id":2,"sentence":["'Does this candidate for this job have a lot of experience?' 'No. He has no experience at all. He "," (never employ).'"],"solutions":[["has never been employed"]],"userTipps":"GGG_GGG_","explain":["Corr: has never been employed. It's present perfect because 'he hasn't had a job in his life up to now.'"]},{"id":3,"sentence":["'Where did you find the gold?' 'It "," (bury) in my garden.'"],"solutions":[["was buried"]],"userTipps":"GGG_GGG_","explain":["Corr: was buried. It's past simple because the question is past simple, too."]},{"id":4,"sentence":["'Is the new furniture good?' 'Well, it "," (not deliver) yet.'"],"solutions":[["hasn't been delivered","has not been delivered"]],"userTipps":"GGG_GGG_","explain":["Corr: hasn't been delivered. It's present perfect because of 'yet'."]},{"id":5,"sentence":["'Is your car good?' 'No, it's not, but it "," (repair) tomorrow.'"],"solutions":[["will be repaired","is going to be repaired"]],"userTipps":"GGG_GGG_","explain":["Corr: will be or is going to be repaired. It's future because of 'tomorrow'."]},{"id":6,"sentence":["'What happened to Bill after the accident?' 'He "," (take) to hospital. He "," (resuscitate) twice.'"],"solutions":[["was taken"],["was resuscitated"]],"userTipps":"GGG_GGG_GGG_","explain":["Corr: was taken. It's past simple because the question is in the past, too.","Corr: was resuscitated. It's past simple because the question is in the past, too."]},{"id":7,"sentence":["'This house look dirty and old.' 'Yes. As a matter of fact, it "," (not redecorate) for 20 years.'"],"solutions":[["hasn't been redecorated"]],"userTipps":"GGG_GGG_","explain":["Corr: hasn't been redecorated. It's present perfect because we say how long (for 20 years) something has happened."]}]}