{"title":"Passive Voice Four Tenses - 3","instructions":"Complete the sentence with the verbs in brackets. Use passive voice and B1present simpleB2, B1past simpleB2, B1future simpleB2 or B1present perfectB2.","weight":"1","exa":null,"type":"1","helps":[""],"contents":[{"id":0,"sentence":["'What nice photos you have got!' 'Thank you. They "," (take) in Greece.'"],"solutions":[["were taken"]],"userTipps":"GGG_GGG_","explain":["Corr: were taken. It's past simple because they took the photos in Greece and they've already come back from there, so it is closed down period of time."]},{"id":1,"sentence":["'How about your maths test? Is it good?' 'I don't know. It "," (not correct) by the teacher yet.'"],"solutions":[["hasn't been corrected","has not been corrected"]],"userTipps":"GGG_GGG_","explain":["Corr: hasn't been corrected. It's present perfect because of 'yet'."]},{"id":2,"sentence":["'Is your new book available in bookshops?' 'No, not yet. It "," (not publish) yet.'"],"solutions":[["hasn't been published","has not been published"]],"userTipps":"GGG_GGG_","explain":["Corr: hasn't been published. It's present perfect because of 'yet'."]},{"id":3,"sentence":["'How will our foreign guest find our HQ?' 'Well, he "," (meet) by Sam at the airport.'"],"solutions":[["will be met","is going to be met"]],"userTipps":"GGG_GGG_","explain":["Corr: will be met or is going to be met. It's about the future because of the question, which is in the future."]},{"id":4,"sentence":["'Can I get back my book?' 'Sorry, but it "," (photocopy) only tomorrow.'"],"solutions":[["will be photocopied","is going to be photocopied"]],"userTipps":"GGG_GGG_","explain":["Corr: will be or is going to be photocopied. It's future because of 'tomorrow'."]},{"id":5,"sentence":["'Now this fence look pretty nice.' 'Yes, because it "," (repaint) last week.'"],"solutions":[["was repainted"]],"userTipps":"GGG_GGG_","explain":["Corr: was repainted. It's past simple because of the time adverb 'last week'."]},{"id":6,"sentence":["'Does Frank still work as a porter?' 'No, he "," (promote) to be the facility manager.'"],"solutions":[["has been promoted"]],"userTipps":"GGG_GGG_","explain":["Corr: has been promoted. It's present perfect because there's no time adverb in it."]},{"id":7,"sentence":["'Your grass is beautiful!' 'Yes, because it "," (cut) twice a week by my wife.'"],"solutions":[["is cut"]],"userTipps":"GGG_GGG_","explain":["Corr: is cut. It's present simple because it's about a repeated action shown by the time adverb 'twice a week'."]}]}