{"title":"Passive Voice With Prepositions - 3","instructions":"Rewrite the sentences. Put them into B1Passive VoiceB2. Keep the tenses and pay attention to the B1prepositionsB2.","weight":"2","exa":"They will ask about you.<br>You <b>will be asked about<\/b> by them.<br>They didn't care about this building.<br>This building <b>was not cared about<\/b>.","type":6,"helps":[""],"contents":[{"id":0,"longsent":"He based his novel on a book by Pynchon.","starter":"","alters":["His novel was based on a book by Pynchon."]},{"id":1,"longsent":"They will translate your book into Japanese.","starter":"","alters":["Your book will be translated into Japanese."]},{"id":2,"longsent":"Your colleagues look up to you.","starter":"","alters":["You are looked up to by your colleagues."]},{"id":3,"longsent":"The teacher shouted at your son.","starter":"","alters":["Your son was shouted at by the teacher."]},{"id":4,"longsent":"They have made an example of George.","starter":"George has","alters":["been made an example of."]},{"id":5,"longsent":"They didn't fill in the document.","starter":"","alters":["The document wasn't filled in.","The document was not filled in."]},{"id":6,"longsent":"They arranged for a new meeting between the Prime Ministers.","starter":"A new meeting between the Prime Ministers...","alters":["was arranged for."]},{"id":7,"longsent":"They won't search for your dog.","starter":"","alters":["Your dog won't be searched for.","Your dog will not be searched for."]}]}