{"title":"Passive Voice With Prepositions - 2","instructions":"Rewrite the sentences. Put them into B1Passive VoiceB2. Keep the tenses and pay attention to the B1prepositionsB2.","weight":"2","exa":"They will ask about you.<br>You <b>will be asked about<\/b> by them.<br>They didn't care about this building.<br>This building <b>was not cared about<\/b>.","type":6,"helps":[""],"contents":[{"id":0,"longsent":"They won't put up with this noise.","starter":"  ","alters":["This noise won't be put up with."]},{"id":1,"longsent":"Your work mates don't look down on you.","starter":"You are not...  ","alters":["looked down on by your work mates."]},{"id":2,"longsent":"They didn't approve of our plan.","starter":"Our plan...  ","alters":["wasn't approved of."]},{"id":3,"longsent":"Why did they expel you from your school?","starter":"Why were you...  ","alters":["expelled from your school?"]},{"id":4,"longsent":"Did they insure you against earthquakes?","starter":"Were you...  ","alters":["insured against earthquakes?"]},{"id":5,"longsent":"They won't wait for the results.","starter":"  ","alters":["The results won't be waited for","The results will not be waited for."]},{"id":6,"longsent":"Your workers don't listen to you.","starter":"  ","alters":["You are not listened to by your workers."]},{"id":7,"longsent":"The authorities didn't warn the inhabitants against the storm.","starter":"The inhabitants...  ","alters":["weren't warned against the storm."]}]}