{"title":"Adjectives - comparative or superlative?","instructions":"Complete the sentences with the B1comparativeB2 or B1superlativeB2 forms of the adjectives. Sometimes you will need to supply 'the'.","weight":"1","exa":null,"type":"1","helps":[""],"contents":[{"id":0,"sentence":["My wife earns "," (much) money than me."],"solutions":[["more"]],"userTipps":"GGG_GGG_","explain":["Corr: more. We need the comparative because there's 'than' in the sentence."]},{"id":1,"sentence":["Casablanca is "," (romantic) film I can imagine."],"solutions":[["the most romantic"]],"userTipps":"GGG_GGG_","explain":["Corr: the most romantic. We need the superlative because we want to say that there's no more romantic film than Casablanca."]},{"id":2,"sentence":["I didn't sleep well, so I am "," (tired) now than I was last night."],"solutions":[["more tired"]],"userTipps":"GGG_GGG_","explain":["Corr: more tired. We need the comparative because there's 'than' in the sentence."]},{"id":3,"sentence":["This is "," (strong) alcoholic drink in this pub."],"solutions":[["the strongest"]],"userTipps":"GGG_GGG_","explain":["Corr: the strongest. We need the superlative because we want to say there's no stronger drink in this pub than this."]},{"id":4,"sentence":["Mount Everest is "," (high) mountain in the world."],"solutions":[["the highest"]],"userTipps":"GGG_GGG_","explain":["Corr: the highest. We need the superlative because there's no higher mountain than Mount Everest."]},{"id":5,"sentence":["Which is "," (long) bridge in Europe?"],"solutions":[["the longest"]],"userTipps":"GGG_GGG_","explain":["Corr: the longest. We need the superlative because we're not comparing two things, we want to know the bridge that is longer than all the other bridges."]},{"id":6,"sentence":["The present I bought your wife is "," (expensive) than the present you bought for her."],"solutions":[["more expensive"]],"userTipps":"GGG_GGG_","explain":["Corr: more expensive. We need the comparative because there's 'than' in the sentence."]},{"id":7,"sentence":["One of Kafka's "," (good) books is The Trial."],"solutions":[["best"]],"userTipps":"GGG_GGG_","explain":["Corr: best. We need the superlative here. We don't need 'the' because there's a possessive before the adjective."]},{"id":8,"sentence":["Why is it that my suitcase is "," (heavy) of all?"],"solutions":[["the heaviest"]],"userTipps":"GGG_GGG_","explain":["Corr: the heaviest. We need the superlative. We want to say that no other suitcases are heavier than ours."]},{"id":9,"sentence":["My neighbour's grass is always "," (green) than mine."],"solutions":[["greener"]],"userTipps":"GGG_GGG_","explain":["Corr: greener. We need the comparative form because there's 'than' in the sentence."]}]}