{"title":"Adjectives - comparative or superlative?","instructions":"Complete the sentences with the B1comparativeB2 or B1superlativeB2 forms of the adjectives. Sometimes you will need to supply 'the'.","weight":"1","exa":null,"type":"1","helps":[""],"contents":[{"id":0,"sentence":["I don't have free time. I'm "," (busy) today than I was yesterday."],"solutions":[["busier"]],"userTipps":"GGG_GGG_","explain":["Corr: busier. There's 'than' after the adjective, so we need the comparative form."]},{"id":1,"sentence":["Mountaineering is "," (dangerous) than skiing."],"solutions":[["more dangerous"]],"userTipps":"GGG_GGG_","explain":["Corr: more dangerous. We need the comparative because there's 'then' in the sentence."]},{"id":2,"sentence":["Money isn't "," (important) than love."],"solutions":[["more important"]],"userTipps":"GGG_GGG_","explain":["Corr: more important. We need the comparative because there's 'than' in the sentence."]},{"id":3,"sentence":["I don't want to buy "," (expensive) computer in this shop."],"solutions":[["the most expensive"]],"userTipps":"GGG_GGG_","explain":["Corr: the most expensive. We need the superlative form."]},{"id":4,"sentence":["I work "," (much) than you."],"solutions":[["more"]],"userTipps":"GGG_GGG_","explain":["Corr: more. We need the comparative form because there's 'than' in the sentence."]},{"id":5,"sentence":["Why is your car ","(fast) than my car?"],"solutions":[["faster"]],"userTipps":"GGG_GGG_","explain":["Corr: faster. We need the comparative form because there's 'than' in the sentence."]},{"id":6,"sentence":["Joe is "," (kind) person who I know."],"solutions":[["the kindest"]],"userTipps":"GGG_GGG_","explain":["Corr: the kindest. We need the superlative because we want to express that nobody is kinder than Joe."]},{"id":7,"sentence":["This exercise is "," (easy) than yesterday's exercise."],"solutions":[["easier"]],"userTipps":"GGG_GGG_","explain":["Corr: easier. We need the comparative because there's 'than' in the sentence."]},{"id":8,"sentence":["Hamburg is "," (far) from Budapest than Munich."],"solutions":[["farther","further"]],"userTipps":"GGG_GGG_","explain":["Corr: farther. We need the comparative because there's 'than' in the sentence."]},{"id":9,"sentence":["Your hair is ","(dark) than my hair."],"solutions":[["darker"]],"userTipps":"GGG_GGG_","explain":["Corr: darker. We need the comparative because there's 'than' in the sentence."]}]}