{"title":"Passive voice - 2","instructions":"Put the sentences into the passive.","exa":"They clean the offices every day.<br \/>The offices are cleaned every day.<br \/>They will help us.<br \/>We will be helped by them.","type":6,"helps":null,"contents":[{"id":0,"longsent":"They didn't cook  the dinner when I got home.","starter":"  ","alters":["The dinner wasn't cooked when I got home.","The dinner was not cooked when I got home."]},{"id":1,"longsent":"They will operate on Bill tomorrow.","starter":"  ","alters":["Bill will be operated on tomorrow."]},{"id":2,"longsent":"I hope they will repair my car next week.","starter":"  ","alters":["I hope my car will be repaired next week."]}]}