{"title":"Reported Speech - Yes-no Questions 2","instructions":"Put the sentences into reported speech.","weight":"2","exa":"Do you need this pen?<br><i>He asked <b>if<\/b> I need<b>ed<\/b> that pen.<\/i><br>Are you sleeping?<br><i>She asked me <b>if<\/b> I <b>was<\/b> sleeping.<\/i>","type":6,"helps":["REPORTEDSP\/repo_yesno_questions.html"],"contents":[{"id":0,"longsent":"Are you talking to your mother?","starter":"My wife asked me...  ","alters":["if I was talking to my mother."]},{"id":1,"longsent":"Is this dog barking at us?","starter":"Frank asked me...  ","alters":["if this dog was barking at us."]},{"id":2,"longsent":"Was the boss looking for Tom?","starter":"Cindy asked me...  ","alters":["if the boss had been looking for Tom."]},{"id":3,"longsent":"Is it raining again?","starter":"The teacher asked me...  ","alters":["if it was raining again."]},{"id":4,"longsent":"Did you steal my umbrella?","starter":"The teacher asked me...  ","alters":["if I had stolen his umbrella."]},{"id":5,"longsent":"Can you lend me some money so that I can travel home?","starter":"A guy in the street asked me...  ","alters":["if I could lend him some money so that he could travel home."]},{"id":6,"longsent":"Will they tell me if passed the exam?","starter":"I was wondering...  ","alters":["if they would tell me if I had passed the exam."]},{"id":7,"longsent":"Are we going to get a pay rise?","starter":"Tom asked me again...  ","alters":["if we were going to get a pay rise."]}]}