{"title":"Reported Speech - Questions 1","instructions":"Put the sentences into reported speech.","weight":"2","exa":"What did you go?<br><i>He asked me<\/i> <b>what I had done.<\/b>","type":6,"helps":[""],"contents":[{"id":0,"longsent":"Which hotel did you choose?","starter":"He asked me...  ","alters":["which hotel I had chosen."]},{"id":1,"longsent":"When will they arrive here?","starter":"He asked me...  ","alters":["when they would arrive here."]},{"id":2,"longsent":"What can I do?","starter":"The policeman asked me  ","alters":["what he could do."]},{"id":3,"longsent":"How long do I have to stay here?","starter":"The prisoner asked...  ","alters":["how long he had to stay there."]},{"id":4,"longsent":"Who is going to stand in for you while you're away?","starter":"Bob asked me...  ","alters":["who was going to stand in for me while I was away."]},{"id":5,"longsent":"What did you do last summer?","starter":"Frank asked me...  ","alters":["what I had done last summer."]},{"id":6,"longsent":"Who the hell are you waiting for?","starter":"My boss asked me...  ","alters":["who the hell I was waiting for."]},{"id":7,"longsent":"Which bus takes me to Boston?","starter":"Sean asked me...  ","alters":["which bus took him to Boston."]},{"id":8,"longsent":"What did you buy in the shops?","starter":"I asked my mother...  ","alters":["what she had bought in the shops."]}]}