{"title":"Reported Speech - Questions 4","instructions":"Put the sentences into reported speech.","weight":"2","exa":"What did you go?<br><i>He asked me<\/i> <b>what I had done.<\/b>","type":6,"helps":[""],"contents":[{"id":0,"longsent":"Who are you talking to again on the phone?","starter":"I asked my wife...  ","alters":["who she was talking to again on the phone."]},{"id":1,"longsent":"What are your shoes doing here?","starter":"My mother asked me...  ","alters":["what my shoes were doing there."]},{"id":2,"longsent":"How many pages have you read since last week.","starter":"My friend wanted to know...  ","alters":["how many pages I had read since last week."]},{"id":3,"longsent":"When did the plane land?","starter":"My boss asked me...  ","alters":["when the plane had landed."]},{"id":4,"longsent":"Who killed the cat?","starter":"The policeman asked...  ","alters":["who had killed the cat."]},{"id":5,"longsent":"Why haven't you finished this app?","starter":"My boss wanted to know...  ","alters":["why I hadn't finished that app."]},{"id":6,"longsent":"What film are you watching?","starter":"My friend asked me...  ","alters":["what film I was watching."]},{"id":7,"longsent":"Why do you learn so much?","starter":"I asked those jerks...  ","alters":["why they learnt so much."]}]}