{"title":"Reported Speech - Questions 3","instructions":"Put the sentences into reported speech.","weight":"2","exa":"What did you go?<br><i>He asked me<\/i> <b>what I had done.<\/b>","type":6,"helps":[""],"contents":[{"id":0,"longsent":"How much coffee do you drink?","starter":"The doctor asked me...  ","alters":["how much coffee I drank."]},{"id":1,"longsent":"Why didn't you call me back?","starter":"My boss asked me...  ","alters":["why I hadn't called him back."]},{"id":2,"longsent":"When will it stop raining?","starter":"I wished I knew...  ","alters":["when it would stop raining."]},{"id":3,"longsent":"Why can't my parents understand each other?","starter":"I never understood...  ","alters":["why my parents couldn't understand each other."]},{"id":4,"longsent":"How long were you in prison?","starter":"My new employer wanted to know...  ","alters":["how long I had been in prison."]},{"id":5,"longsent":"When will this fucking dog stop barking?","starter":"I asked myself...  ","alters":["when this fucking dog would stop barking."]},{"id":6,"longsent":"Why is the bus full of jerks every morning?","starter":"I never knew...  ","alters":["why the bus was full of jerks every morning."]},{"id":7,"longsent":"What did you say?","starter":"The shop assistant asked me...  ","alters":["what I had said."]}]}