{"title":"Reported Speech - Statements - 2","instructions":"Put the sentences into reported speech.","weight":"2","exa":"She doesn't go shopping here.<br \\\/>She said she didn't go shopping there.<br \\\/>I will help you.<br \\\/>He said he would help me.","type":6,"helps":["REPORTEDSP\/reported1.html"],"contents":[{"id":0,"longsent":"I don't like cheese.","starter":"She said to me that  ","alters":["she didn't like cheese.","she did not like cheese."]},{"id":1,"longsent":"They won't believe your story.","starter":"The policeman said to me that  ","alters":["they wouldn't believe my story.","they would not believe my story."]},{"id":2,"longsent":"I'm very hungry.","starter":"I saw it in the dog's eyes that  ","alters":["he was very hungry."]},{"id":3,"longsent":"We didn't go to the party.","starter":"He told me that  ","alters":["they hadn't gone to the party."]},{"id":4,"longsent":"I haven't saved your number.","starter":"My girlfriend said to me that  ","alters":["she hadn'T saved my number.","she had not saved my number."]},{"id":5,"longsent":"I'm going home now.","starter":"My colleague whispered to me that  ","alters":["he was going home then."]},{"id":6,"longsent":"I'm sorry that I woke you up too early this morning.","starter":"My girlfriend said that  ","alters":["she was sorry that she had woken me up too early that morning."]},{"id":7,"longsent":"I like whisky.","starter":"Matthew said that  ","alters":["he liked whisky."]}]}