{"title":"Reported Speech - Yes-no Questions 1","instructions":"Put the sentences into reported speech.","weight":"2","exa":"Do you need this pen?<br><i>He asked <b>if<\/b> I need<b>ed<\/b> that pen.<\/i><br>Are you sleeping?<br><i>She asked me <b>if<\/b> I <b>was<\/b> sleeping.<\/i>","type":6,"helps":["REPORTEDSP\/repo_yesno_questions.html"],"contents":[{"id":0,"longsent":"Will my boss fire me?","starter":"I was wondering...  ","alters":["if my boss would fire me."]},{"id":1,"longsent":"Do you see my problem?","starter":"I wasn't sure  ","alters":["if you saw my problem."]},{"id":2,"longsent":"Are you waiting for the rain?","starter":"She asked me...  ","alters":["if I was waiting for the rain."]},{"id":3,"longsent":"Did you say good-bye to George?","starter":"My mum asked me...  ","alters":["if I had said good-bye to George."]},{"id":4,"longsent":"Have you ever got an electric shock?","starter":"My boss asked me...  ","alters":["if I had ever got an electric shock."]},{"id":5,"longsent":"Can you give me a lift to the station?","starter":"Bill wanted to know...  ","alters":["if I could give him a lift to the station."]},{"id":6,"longsent":"Were you jogging in the park at 5?","starter":"The policeman asked me...  ","alters":["if I had been jogging in the park at 5."]},{"id":7,"longsent":"Have you put the baby to bed?","starter":"Tod asked his wife...  ","alters":["if she had put the baby to bed."]},{"id":8,"longsent":"Shall I help you?","starter":"Greg asked his boss...  ","alters":["if he should help him."]},{"id":9,"longsent":"Are you going to buy a new car?","starter":"The tax officer asked me...  ","alters":["if I was going to buy a new car."]}]}