{"assigned":[{"id":"5ad098af401b3","apath":"TENSES\/Pres_Simp_Cont_PastS_Pres_perf_3.json","atitle":"Tenses - four common tenses","userTipps":null,"correct":"-","date1":"2018-04-13","tipus":"1","viewed":"no","remarks":null,"message":null,"redo":"no","perf":0},{"id":"5ad098e201083","apath":"VOCAB\/INTER\/voc31.json","atitle":"Vocabublary 31","userTipps":null,"correct":"-","date1":"2018-04-13","tipus":3,"viewed":"no","remarks":null,"message":null,"redo":"no","perf":0},{"id":"5ad0d3c029836","apath":"VOCAB\/INTER\/voc32.json","atitle":"Vocabublary 32","userTipps":null,"correct":"-","date1":"2018-04-13","tipus":3,"viewed":"no","remarks":null,"message":null,"redo":"no","perf":0},{"id":"5ad0d3e56b8f6","apath":"GRAM6\/RepSp_Statements.json","atitle":"Reported Speech - Statements - 1","userTipps":null,"correct":"-","date1":"2018-04-13","tipus":6,"viewed":"no","remarks":null,"message":null,"redo":"no","perf":0},{"id":"5ad0d3f27237b","apath":"GRAM6\/RepSp_Statements_2.json","atitle":"Reported Speech - Statements - 2","userTipps":null,"correct":"-","date1":"2018-04-13","tipus":6,"viewed":"no","remarks":null,"message":null,"redo":"no","perf":0},{"id":"5ad0d4311f28e","apath":"GRAM6\/RepSp_Statements_3.json","atitle":"Reported Speech - Statements - 2","userTipps":null,"correct":"-","date1":"2018-04-13","tipus":6,"viewed":"no","remarks":null,"message":null,"redo":"no","perf":0},{"id":"5ae37332af751","apath":"VOCAB\/INTER\/voc33.json","atitle":"Vocabublary 33","userTipps":null,"correct":"-","date1":"2018-04-27","tipus":3,"viewed":"no","remarks":null,"message":null,"redo":"no","perf":0},{"id":"5ae373544f352","apath":"GRAM6\/RepSp_YesNo_1.json","atitle":"Reported Speech - Yes-no Questions 1","userTipps":null,"correct":"-","date1":"2018-04-27","tipus":6,"viewed":"no","remarks":null,"message":null,"redo":"no","perf":0},{"id":"5ae373729567c","apath":"GRAM6\/RepSp_YesNo_2.json","atitle":"Reported Speech - Yes-no Questions 2","userTipps":null,"correct":"-","date1":"2018-04-27","tipus":6,"viewed":"no","remarks":null,"message":null,"redo":"no","perf":0},{"id":"5ae373995e20e","apath":"GRAM6\/RepSp_YesNo_3.json","atitle":"Reported Speech - Yes-no Questions 3","userTipps":null,"correct":"-","date1":"2018-04-27","tipus":6,"viewed":"no","remarks":null,"message":null,"redo":"no","perf":0},{"id":"5aec9bb16da6f","apath":"VOCAB\/INTER\/voc34.json","atitle":"Vocabublary 34","userTipps":null,"correct":"-","date1":"2018-05-04","tipus":3,"viewed":"no","remarks":null,"message":null,"redo":"no","perf":0},{"id":"5aed8acc2cacb","apath":"GRAM6\/RepSp_Wh_quest_1.json","atitle":"Reported Speech - Questions 1","userTipps":null,"correct":"-","date1":"2018-05-05","tipus":6,"viewed":"no","remarks":null,"message":null,"redo":"no","perf":0},{"id":"5aed8ad6c93a0","apath":"GRAM6\/RepSp_Wh_quest_2.json","atitle":"Reported Speech - Questions 2","userTipps":null,"correct":"-","date1":"2018-05-05","tipus":6,"viewed":"no","remarks":null,"message":null,"redo":"no","perf":0},{"id":"5aed8add3c1ca","apath":"GRAM6\/RepSp_Wh_quest_3.json","atitle":"Reported Speech - Questions 3","userTipps":null,"correct":"-","date1":"2018-05-05","tipus":6,"viewed":"no","remarks":null,"message":null,"redo":"no","perf":0},{"id":"5af9893c8b16e","apath":"VOCAB\/INTER\/voc35.json","atitle":"Vocabublary 35","userTipps":null,"correct":"-","date1":"2018-05-14","tipus":3,"viewed":"no","remarks":null,"message":null,"redo":"no","perf":0},{"id":"5af9896b7f1df","apath":"PASSIVE\/Passive4ten_compl_GAP_1.json","atitle":"Passive Voice Four Tenses - 1","userTipps":null,"correct":"-","date1":"2018-05-14","tipus":"1","viewed":"no","remarks":null,"message":null,"redo":"no","perf":0},{"id":"5af98970f3f25","apath":"PASSIVE\/Passive4ten_compl_GAP_2.json","atitle":"Passive Voice Four Tenses - 2","userTipps":null,"correct":"-","date1":"2018-05-14","tipus":"1","viewed":"no","remarks":null,"message":null,"redo":"no","perf":0},{"id":"5b01373bbeb94","apath":"VOCAB\/INTER\/voc36.json","atitle":"Vocabublary 36","userTipps":null,"correct":"-","date1":"2018-05-20","tipus":3,"viewed":"no","remarks":null,"message":null,"redo":"no","perf":0}],"submitted":[],"corrected":[{"id":"5ad0989831b04","apath":"TENSES\/Pres_Simp_Cont_PastS_Pres_perf_2.json","atitle":"Tenses - four common tenses","userTipps":"wants_bought_do not know_have not seen_phoned_am looking_did not find_did_lose_say_need_have_reading_am buying_have read_do not know_","correct":"OK_OK_OK_OK_OK_OK_NO_OK_OK_OK_OK_NO_OK_NO_OK_OK_","date1":"2018-04-17","tipus":"1","viewed":"2018-04-17 12:38:35","remarks":"-_-_-_-_-_-_Present perf. kell, mert m\u00e9g mindig nem tal\u00e1lt._-_-_-_-_Folyamatos: be   ige-ing. :-)_-_Az 'every month' azt jelenti, hogy ez egy szok\u00e1sszer\u0171, ism\u00e9tl\u0151d\u0151 cselekv\u00e9s, teh\u00e1t egyszer\u0171 jelen kell._-_-_","message":"Great job!","redo":"no","perf":1}]}