{"assigned":[{"id":"5acc8170adf13","apath":"TENSES\/Pres_Simp_Cont_PastS_Pres_perf_2.json","atitle":"Tenses - four common tenses","userTipps":null,"correct":"-","date1":"2018-04-10","tipus":"1","viewed":"no","remarks":null,"message":null,"redo":"no","perf":0},{"id":"5acef0bc3e77d","apath":"VOCAB\/INTER\/voc31.json","atitle":"Vocabublary 31","userTipps":null,"correct":"-","date1":"2018-04-12","tipus":3,"viewed":"no","remarks":null,"message":null,"redo":"no","perf":0},{"id":"5acf25464cfcf","apath":"TENSES\/Pres_Simp_Cont_PastS_Pres_perf_3.json","atitle":"Tenses - four common tenses","userTipps":null,"correct":"-","date1":"2018-04-12","tipus":"1","viewed":"no","remarks":null,"message":null,"redo":"no","perf":0},{"id":"5ad0d3a5566aa","apath":"VOCAB\/INTER\/voc32.json","atitle":"Vocabublary 32","userTipps":null,"correct":"-","date1":"2018-04-13","tipus":3,"viewed":"no","remarks":null,"message":null,"redo":"no","perf":0},{"id":"5ad0d3d3054d8","apath":"GRAM6\/RepSp_Statements.json","atitle":"Reported Speech - Statements - 1","userTipps":null,"correct":"-","date1":"2018-04-13","tipus":6,"viewed":"no","remarks":null,"message":null,"redo":"no","perf":0},{"id":"5ad0d3f271753","apath":"GRAM6\/RepSp_Statements_2.json","atitle":"Reported Speech - Statements - 2","userTipps":null,"correct":"-","date1":"2018-04-13","tipus":6,"viewed":"no","remarks":null,"message":null,"redo":"no","perf":0},{"id":"5ad0d42190712","apath":"GRAM6\/RepSp_Statements_3.json","atitle":"Reported Speech - Statements - 2","userTipps":null,"correct":"-","date1":"2018-04-13","tipus":6,"viewed":"no","remarks":null,"message":null,"redo":"no","perf":0},{"id":"5ae373186ca1f","apath":"VOCAB\/INTER\/voc33.json","atitle":"Vocabublary 33","userTipps":null,"correct":"-","date1":"2018-04-27","tipus":3,"viewed":"no","remarks":null,"message":null,"redo":"no","perf":0},{"id":"5ae3733fc6666","apath":"GRAM6\/RepSp_YesNo_1.json","atitle":"Reported Speech - Yes-no Questions 1","userTipps":null,"correct":"-","date1":"2018-04-27","tipus":6,"viewed":"no","remarks":null,"message":null,"redo":"no","perf":0},{"id":"5ae3735dcf652","apath":"GRAM6\/RepSp_YesNo_2.json","atitle":"Reported Speech - Yes-no Questions 2","userTipps":null,"correct":"-","date1":"2018-04-27","tipus":6,"viewed":"no","remarks":null,"message":null,"redo":"no","perf":0},{"id":"5ae37384c5dd0","apath":"GRAM6\/RepSp_YesNo_3.json","atitle":"Reported Speech - Yes-no Questions 3","userTipps":null,"correct":"-","date1":"2018-04-27","tipus":6,"viewed":"no","remarks":null,"message":null,"redo":"no","perf":0},{"id":"5aec9bb14005c","apath":"VOCAB\/INTER\/voc34.json","atitle":"Vocabublary 34","userTipps":null,"correct":"-","date1":"2018-05-04","tipus":3,"viewed":"no","remarks":null,"message":null,"redo":"no","perf":0},{"id":"5aed8acb3a52c","apath":"GRAM6\/RepSp_Wh_quest_1.json","atitle":"Reported Speech - Questions 1","userTipps":null,"correct":"-","date1":"2018-05-05","tipus":6,"viewed":"no","remarks":null,"message":null,"redo":"no","perf":0},{"id":"5aed8ad6c60ac","apath":"GRAM6\/RepSp_Wh_quest_2.json","atitle":"Reported Speech - Questions 2","userTipps":null,"correct":"-","date1":"2018-05-05","tipus":6,"viewed":"no","remarks":null,"message":null,"redo":"no","perf":0},{"id":"5aed8add3891d","apath":"GRAM6\/RepSp_Wh_quest_3.json","atitle":"Reported Speech - Questions 3","userTipps":null,"correct":"-","date1":"2018-05-05","tipus":6,"viewed":"no","remarks":null,"message":null,"redo":"no","perf":0},{"id":"5af9893c2909f","apath":"VOCAB\/INTER\/voc35.json","atitle":"Vocabublary 35","userTipps":null,"correct":"-","date1":"2018-05-14","tipus":3,"viewed":"no","remarks":null,"message":null,"redo":"no","perf":0},{"id":"5af9896b7e1ca","apath":"PASSIVE\/Passive4ten_compl_GAP_1.json","atitle":"Passive Voice Four Tenses - 1","userTipps":null,"correct":"-","date1":"2018-05-14","tipus":"1","viewed":"no","remarks":null,"message":null,"redo":"no","perf":0},{"id":"5af98970f32a8","apath":"PASSIVE\/Passive4ten_compl_GAP_2.json","atitle":"Passive Voice Four Tenses - 2","userTipps":null,"correct":"-","date1":"2018-05-14","tipus":"1","viewed":"no","remarks":null,"message":null,"redo":"no","perf":0},{"id":"5b01373b5f0e7","apath":"VOCAB\/INTER\/voc36.json","atitle":"Vocabublary 36","userTipps":null,"correct":"-","date1":"2018-05-20","tipus":3,"viewed":"no","remarks":null,"message":null,"redo":"no","perf":0}],"submitted":null,"corrected":null}