{"title":"Past Simple or Past Perfect - 1","instructions":"Complete the sentences with the verbs. Use B1past simpleB2 or B1past perfectB2.","weight":"2","exa":null,"type":"0","helps":[""],"contents":[{"id":0,"sentence":["I "," into the office to close the window, but somebody "," it, so I just "," out."],"solutions":["GGG","GGG","GGG"],"distractors":[["went","had gone"],["closed","had closed"],["came","had come"]],"solu":["0-1-0"],"remarks":[["Corr: went. This is where the story starts, nothing had happened before this."],["Corr: had closed. It had happened before I went into the office."],["Corr: came. It happened after everthing, so we don't need past perf., just past simple."]]},{"id":1,"sentence":["By the time I "," home at 3 am, everybody "," to bed."],"solutions":["GGG","GGG"],"distractors":[["arrived","had arrived"],["went","had gone"]],"solu":["0-1"],"remarks":[["Corr: arrived. This action happened later than the next, so this is past simple."],["Corr: had gone. This action had happened before I arrived home, so it's past perfect."]]},{"id":2,"sentence":["It "," cold in the room because Terry "," the door."],"solutions":["GGG","GGG"],"distractors":[["was","had been"],["opened","had opened"]],"solu":["0-1"],"remarks":[["Corr: was. We need past simple because it happened later than the next action."],["Corr: had opened. We need past perfect because this action had happened earlier than the previous action."]]},{"id":3,"sentence":["'Jane and Tim "," divorced last year.' 'Really? And how long "," married when they "," divorced?' 'For only a year.'"],"solutions":["GGG","GGG","GGG"],"distractors":[["got","had got"],["were they","had they been"],["got","had got"]],"solu":["0-1-0"],"remarks":[["Corr: got. We need past simple because it was later than the next action."],["Corr: had they been. We need past perfect because it had happened before the previous action."],["Corr: got. It's past simple because this action happened later than the previous one."]]},{"id":4,"sentence":["By the time we "," to the theatre, the first act "," ."],"solutions":["GGG","GGG"],"distractors":[["got","had got"],["started","had started"]],"solu":["0-1"],"remarks":[["Corr: got. We need past simple because it happened later than the next action."],["Corr: had started. We need past perfect because this action had happened earlier."]]},{"id":5,"sentence":["I "," any potato salad because I "," to buy potatoes."],"solutions":["GGG","GGG"],"distractors":[["didn't make","hadn't made"],["forgot","had forgotten"]],"solu":["0-1"],"remarks":[["Corr: didn't make. We need past simple because it happened later than the next action."],["Corr: had forgotten. We need past perfect here because this action had happened earlier than the previous action."]]},{"id":6,"sentence":["I "," home and then I "," dinner for Suzy and me. However, I "," the dinner alone because she "," the dinner."],"solutions":["GGG","GGG","GGG","GGG"],"distractors":[["got","had got"],["cooked","had cooked"],["ate","had eaten"],["cancelled","had cancelled"]],"solu":["0-0-0-1"],"remarks":[["Corr: got. It's past simple because it happened first."],["Corr: cooked. It's past simple because it happened after the previous action. It keeps the chronological order."],["Corr: ate. It's past simple because it happened after the previous action. It keeps the chronological order."],["Corr: had cancelled. It's past perfect because it had happened earlier than the previous action. It breaks the chronological order."]]},{"id":7,"sentence":["I "," the boss in his office to ask him about the project, but he "," up the phone because he "," for home earlier than usual."],"solutions":["GGG","GGG","GGG"],"distractors":[["phoned","had phoned"],["didn't pick","hadn't picked"],["left","had left"]],"solu":["0-0-1"],"remarks":[["Corr: phoned. It's past simple because it happened first."],["Corr: didn't pick up. It's past simple because it happened after the previous action."],["Corr: had left. It's past perfect because it had happened before 'I phoned'."]]}]}