{"title":"Past Simple or Past Perfect - 4","instructions":"Complete the sentences with the verbs. Use B1past simpleB2 or B1past perfectB2.","weight":"2","exa":null,"type":"0","helps":[""],"contents":[{"id":0,"sentence":["When I "," home, I "," that my cat "," on the carpet this time. I "," very grateful to her."],"solutions":["GGG","GGG","GGG","GGG"],"distractors":[["arrived","had arrived"],["saw","had seen"],["didn't vomit","hadn't vomited"],["was","had been"]],"solu":["0-0-1-0"],"remarks":[["Corr: arrived. It's past simple because the story starts here."],["Corr: saw. It's past simple because it happened after the prevous action."],["Corr: hadn't vomited. It's past perfect because it had happened before the previous actions."],["Corr: was. It's past simple because it happened after the previous actions."]]},{"id":1,"sentence":["Sadly, George "," the exam. He "," for it at all."],"solutions":["GGG","GGG"],"distractors":[["failed","had failed"],["didn't prepare","hadn't prepared"]],"solu":["0-1"],"remarks":[["Corr: failed. It's past simple because the story starts here."],["Corr: hadn't prepared. It's past perfect because it had happened before the previous action."]]},{"id":2,"sentence":["By the time the guests ",", we "," everything for the party."],"solutions":["GGG","GGG"],"distractors":[["arrived","had arrived"],["prepared","had prepared"]],"solu":["0-1"],"remarks":[["Corr: arrived. It's past simple because it's in the 'by the time' clause."],["Corr: had prepared. It's past perfect because it had happned earlier than the action in the 'by the time' clause."]]},{"id":3,"sentence":["I "," join the conversation because I "," those books those other guys "," ."],"solutions":["GGG","GGG","GGG"],"distractors":[["couldn't join","hadn't been able to"],["didn't read","hadn't read"],["read","had read"]],"solu":["0-1-01"],"remarks":[["Corr: couldn't join. It's past simple because the story starts here."],["Corr: hadn't read. It's past perfect because the speaker refers to a time before  the time of speaking."],["Corr: had read or read. It's past perfect if we refer to the books those guys had read before. Or if we refer to books that those guys read in general, it's past simple."]]},{"id":4,"sentence":["I "," back to the shop to buy the PC game, but I "," no luck. They "," all their copies."],"solutions":["GGG","GGG","GGG"],"distractors":[["went","had gone"],["had","had had"],["sold","had sold"]],"solu":["0-0-1"],"remarks":[["Corr: went. It's past simple because this is where the story starts."],["Corr: had. It's past simple because it happened after the previous action."],["Corr: had sold. It's past perfect because it had happened before the previous action."]]},{"id":5,"sentence":["Sonia "," relieved when she "," to her workplace and "," that her boss "," the mess on her desk."],"solutions":["GGG","GGG","GGG","GGG"],"distractors":[["felt","had felt"],["got","had got"],["realised","had realised"],["didn't notice","hadn't noticed"]],"solu":["0-0-0-1"],"remarks":[["Corr: felt. It's past simple because the story starts here."],["Corr: got. It's past simple because it happened after the previous event. It does not break the time order."],["Corr: realised. It's past simple because it happened after the previous event. It does not break the time order."],["Corr: hadn't noticed. It's past perfect because this action had happened before all the previous actions."]]},{"id":6,"sentence":["I "," everything ready for the presentation, but I "," the pps file anywhere. Later it "," to my mind that I "," it by chance."],"solutions":["GGG","GGG","GGG","GGG"],"distractors":[["got","had got"],["couldn't find","hadn't found"],["came","had come"],["deleted","had deleted"]],"solu":["0-0-0-1"],"remarks":[["Corr: got. It's past simple because the story starts here."],["Corr: couldn't find. It's past simple because it happened after the previous action."],["Corr: came. It's past simple because it happened after the previous action."],["Corr: had deleted. It's past perfect because this action had happened before all the previous events."]]},{"id":7,"sentence":["We "," that car for 10 years when we finally "," to sell it."],"solutions":["GGG","GGG"],"distractors":[["had","had had"],["decided","had decided"]],"solu":["1-0"],"remarks":[["Corr: had had. It's past perfect because we specify the period of time (for 10 years) during which we had had that car."],["Corr: decided. It's past simple because it happened after the previous event."]]}]}