{"title":"Vocabublary 35","instructions":"Fill in the gaps with the given words. First, click on the word then on the sentence.","weight":"2","exa":null,"type":3,"helps":null,"contents":[{"id":0,"gel":"If  we  book  our  flight","ge2":",  we  may  get  a  discount.  So  we  shouldn't  do  it  in  the  last  minute.","ge3":"","go1":"in  advance","go2":"","meaning":"el\u0151re, id\u0151 el\u0151tt (megtesz vmit)"},{"id":1,"gel":"I  think  we  first  finish  the  cleaning  and  go  to  the  cinema","ge2":".","ge3":"","go1":"afterwards","go2":"","meaning":"ut\u00e1na, azt k\u00f6vet\u0151en"},{"id":2,"gel":"I  hate  Mrs  Pebbles,  my  neighbour.  She  comes  round  to","ge2":"in  my  flat  almost  every  day.","ge3":"","go1":"nose  around","go2":"","meaning":"k\u00f6rbeszagl\u00e1szik, k\u00edv\u00e1ncsiskodik"},{"id":3,"gel":"I  tried  to  leave  the  meeting  as","ge2":"as  possible,  yet  everybody  looked  at  me  when  I  stood  up  from  the  table.","ge3":"","go1":"discreetly","go2":"","meaning":"diszkr\u00e9ten, \u00e9szrev\u00e9tlen"},{"id":4,"gel":"You  must  see  that  film,  it's","ge2":".  This  is  the  best  film  I've  ever  seen.","ge3":"","go1":"amazing","go2":"","meaning":"leny\u0171g\u00f6z\u0151"},{"id":5,"gel":"After  you've  planted  the","ge2":",  you  wait  five  years,  and  then  you  can  make  your  own  wine.","ge3":"","go1":"vines","go2":"","meaning":"sz\u0151l\u0151t\u0151ke, sz\u0151l\u0151vessz\u0151"},{"id":6,"gel":"There  was  a  long  queue  at  the","ge2":"so  I  ordered  the  tickets  on  the  Internet.","ge3":"","go1":"box  office","go2":"","meaning":"jegyp\u00e9nzt\u00e9r, jegyiroda"},{"id":7,"gel":"A","ge2":"designs  bridges,  roads  and  buildings.","ge3":"","go1":"civil  engineer","go2":"","meaning":"\u00e1ltal\u00e1nos m\u00e9rn\u0151k, \u00e9p\u00edt\u0151 m\u00e9rn\u00f6k"},{"id":8,"gel":"He's  usually","ge2":"in  the  mornings,  but  he's  dead  tired  in  the  evenings.","ge3":"","go1":"energetic","go2":"","meaning":"\u00e9l\u00e9nk, energikus"},{"id":9,"gel":"Sam  is  a  shy  guy,  but","ge2":"him,  Bill  is  very  friendly  and  sociable.","ge3":"","go1":"in  contrast  to","go2":"","meaning":"vmivel ellent\u00e9tben"},{"id":10,"gel":"My  grandmother  watches  a  lot  of","ge2":"on  TV.","ge3":"","go1":"series","go2":"","meaning":"sorozat"},{"id":11,"gel":"My  favourite  half-an-hour","ge2":"was  Monty  Python's  Flying  Circus.","ge3":"","go1":"sitcom","go2":"","meaning":"szitu\u00e1ci\u00f3s kom\u00e9dia, v\u00edgj\u00e1t\u00e9k"}]}