[{"id":0,"userName":"Imre","passw":"$2y$10$.ohYllJG\/oYG6.qW1wBVzeW03BZR8JPoO5\/PFS7VI.by6sVD1k5cG","omail":"immer2001@gmail.com","group":"gr1","tempid":"0","myFolder":"Imre_0","mnotify":"true","mnotify2":"true","lastMail":"2018-04-08","lastMail2":"2018-04-08","m1":5,"m2":6,"m3":3,"beadott":457,"opened":"2017-12-29"},{"id":2,"userName":"Kinga","passw":"$2y$10$8AQLtakLfnPQ5BhfJf2vROoM4VtARENbAZKUvEICN6LmhpzEPf.3G","omail":"kunkingaa@gmail.com","group":"gr1","tempid":"0","myFolder":"Kinga_2","mnotify":"true","mnotify2":"true","lastMail":"2018-03-14","lastMail2":"2018-03-13","m1":0,"m2":0,"m3":0,"beadott":5,"opened":"2018-01-18"},{"id":3,"userName":"Cheng","passw":"$2y$10$ZNWSfbAz9E52iAPW560g0.7AaYn7ljJlhHSaC4OgKYpFIiU1pVlie","omail":"cheng@mail.com","group":"gr1","tempid":"0","myFolder":"Cheng_3","mnotify":"false","mnotify2":"true","lastMail":"2017-11-12","lastMail2":"0","m1":1,"m2":1,"m3":0,"beadott":11,"opened":"2018-01-22"},{"id":4,"userName":"Chao","passw":"$2y$10$CIaMzFXxrcGxKn4OeMRIceSiFzI9RNz6aRFCMW1FUkImO3quE6Xq.","omail":"chao@mail.com","group":"gr1","tempid":"0","myFolder":"Chao_4","mnotify":"false","mnotify2":"true","lastMail":"2017-11-12","lastMail2":"0","m1":4,"m2":0,"m3":0,"beadott":6,"opened":"2018-01-28"}]