[{"id":0,"userName":"Imre","passw":"$2y$10$AatEqd.zNn7k\/ZeMJNU36OQgfJsaUYn3hdNAnli0bx1wKD46ezHIy","omail":"immer2001@gmail.com","group":"gr1","tempid":"0","myFolder":"Imre_0","mnotify":"true","mnotify2":"true","lastMail":"2018-05-23","lastMail2":"2018-05-23","m1":5,"m2":4,"m3":4,"beadott":520,"opened":"2017-12-29"},{"id":2,"userName":"Kinga","passw":"$2y$10$8AQLtakLfnPQ5BhfJf2vROoM4VtARENbAZKUvEICN6LmhpzEPf.3G","omail":"kunkingaa@gmail.com","group":"gr1","tempid":"0","myFolder":"Kinga_2","mnotify":"true","mnotify2":"true","lastMail":"2018-03-14","lastMail2":"2018-03-13","m1":0,"m2":0,"m3":0,"beadott":5,"opened":"2018-01-18"},{"id":3,"userName":"Cheng","passw":"$2y$10$ZNWSfbAz9E52iAPW560g0.7AaYn7ljJlhHSaC4OgKYpFIiU1pVlie","omail":"cheng@mail.com","group":"gr1","tempid":"0","myFolder":"Cheng_3","mnotify":"false","mnotify2":"true","lastMail":"2017-11-12","lastMail2":"0","m1":1,"m2":1,"m3":0,"beadott":11,"opened":"2018-01-22"},{"id":4,"userName":"Chao","passw":"$2y$10$CIaMzFXxrcGxKn4OeMRIceSiFzI9RNz6aRFCMW1FUkImO3quE6Xq.","omail":"chao@mail.com","group":"gr1","tempid":"2018-04-07","myFolder":"Chao_4","mnotify":"false","mnotify2":"true","lastMail":"2017-11-12","lastMail2":"2018-04-07","m1":4,"m2":0,"m3":0,"beadott":10,"opened":"2018-01-28"},{"id":5,"userName":"Wonderline Titk\u00e1rs\u00e1g","passw":"$2y$10$rMsHE4jOUXruyaCPifCWKeLiBNOKTmB3xtrVqOr4wb8QIhUxmphoq","omail":"titkarsag@wonderline.eu","group":"gr1","tempid":"0","myFolder":"WonderlineTitkrsg_5","mnotify":"true","mnotify2":"true","m1":0,"m2":0,"m3":0,"beadott":0,"lastMail":"2018-05-20","lastMail2":"0","opened":"2018-04-09"},{"id":6,"userName":"nemethadam87","passw":"$2y$10$QwMftbj4q4kHfEWV7VXNfOHba6STXo\/DKB0VD0j6A4x0uWZ0\/8UZi","omail":"nemeth.adam.87@gmail.com","group":"gr1","tempid":"0","myFolder":"nemethadam87_6","mnotify":"true","mnotify2":"true","m1":5,"m2":0,"m3":0,"beadott":15,"lastMail":"2018-05-20","lastMail2":"2018-05-10","opened":"2018-04-10"},{"id":7,"userName":"MatuszkaM\u00e1t\u00e9","passw":"$2y$10$CgHv0YXT2qJd9zno39JoTexwb2LQ7xHFuI\/Zid85IRRMSZenHr.l2","omail":"mate.matuszka@wonderline.eu","group":"gr1","tempid":"0","myFolder":"MatuszkaMt_7","mnotify":"true","mnotify2":"true","m1":0,"m2":1,"m3":0,"beadott":19,"lastMail":"2018-05-20","lastMail2":"2018-05-17","opened":"2018-04-10"},{"id":8,"userName":"Kiss D\u00e1niel Istv\u00e1n","passw":"$2y$10$u2ob.UnXwCh6LsZ1c\/qsTOnVR\/H9971EMphnrzIn1gdlipEXWmmeu","omail":"daniel.kiss@wonderline.eu","group":"gr1","tempid":"0","myFolder":"KissDnielIstvn_8","mnotify":"true","mnotify2":"true","m1":0,"m2":0,"m3":0,"beadott":0,"lastMail":"2018-05-20","lastMail2":"0","opened":"2018-04-10"},{"id":9,"userName":"Kov\u00e1cs Szil\u00e1rd","passw":"$2y$10$UqiXojv5ZHEMqPnquut3Uer0ldbP3heCCHd2Jhr5Wng9ZLpJ0H05K","omail":"szilard.kovacs84@gmail.com","group":"gr1","tempid":"0","myFolder":"KovcsSzilrd_9","mnotify":"true","mnotify2":"true","m1":1,"m2":1,"m3":0,"beadott":18,"lastMail":"2018-05-20","lastMail2":"2018-05-17","opened":"2018-04-10"},{"id":10,"userName":"Prof.Peter.Franko","passw":"$2y$10$xWucrfUZSil7ZiJNlGvdi.7P\/agXB0vfP7KLb7IDhemKap2yY2.q2","omail":"sgtmzpeti@gmail.com","group":"gr1","tempid":"2018-05-16","myFolder":"ProfPeterFranko_10","mnotify":"true","mnotify2":"true","m1":0,"m2":1,"m3":0,"beadott":16,"lastMail":"2018-05-20","lastMail2":"2018-05-16","opened":"2018-04-11"},{"id":11,"userName":"B. Erika","passw":"$2y$10$\/J\/Y\/iNAKE1EbaesG5G1XubB7klGtNXnrvoiXawiznMpoSCFcq5CC","omail":"erika.bodor@wonderline.eu","group":"gr1","tempid":"0","myFolder":"BErika_11","mnotify":"true","mnotify2":"true","m1":0,"m2":0,"m3":0,"beadott":4,"lastMail":"2018-05-20","lastMail2":"2018-04-19","opened":"2018-04-12"},{"id":12,"userName":"Simon R\u00f3me\u00f3","passw":"$2y$10$IR2HlYbbYSQYXkaTA3vtCOMb5bAkDf23lWoC4XibPIBErLXRKmzIq","omail":"443czs@gmail.com","group":"gr1","tempid":"0","myFolder":"SimonRme_12","mnotify":"true","mnotify2":"true","m1":0,"m2":0,"m3":0,"beadott":0,"lastMail":"2018-04-14","lastMail2":"0","opened":"2018-04-13"},{"id":13,"userName":"Kiss Bal\u00e1zs","passw":"$2y$10$b3khlGAfGGHjZQZm6AbwTOsDuN1pbm9WqH0tlp\/GZhByEz9ljRRx2","omail":"balazs.kiss@wonderline.eu","group":"gr2","tempid":"0","myFolder":"KissBalzs_13","mnotify":"true","mnotify2":"true","m1":0,"m2":0,"m3":0,"beadott":1,"lastMail":"2018-05-20","lastMail2":"2018-04-17","opened":"2018-04-13"},{"id":14,"userName":"Endredi Rolland","passw":"$2y$10$RVcchb6rtQd0U.J6U\/EsDuUQfrsl5naQdHmihZYmuC.gWwF1TIww2","omail":"endredirolland@formance.hu","group":"gr1","tempid":"0","myFolder":"EndrediRolland_14","mnotify":"true","mnotify2":"true","m1":0,"m2":0,"m3":0,"beadott":0,"lastMail":"2018-05-17","lastMail2":"0","opened":"2018-04-24"},{"id":15,"userName":"Kalla Zsolt","passw":"$2y$10$OGmVdu4KYFXUKBAo\/iprQO08J4fFqQLOpnWM1bMHRUCwcJXvTI0NS","omail":"zsoltkal@gmail.com","group":"gr2","tempid":"0","myFolder":"KallaZsolt_15","mnotify":"true","mnotify2":"true","m1":0,"m2":0,"m3":0,"beadott":0,"lastMail":"2018-05-20","lastMail2":"0","opened":"2018-05-02"},{"id":16,"userName":"Punka Nikolett","passw":"$2y$10$J8oDPvm3KCY8PCGk7eBDB.BXi1eN1uEiGhFFiMs99wa5FpREoJTcq","omail":"sz.niki1991@yahoo.com","group":"gr1","tempid":"2018-05-18","myFolder":"PunkaNikolett_16","mnotify":"true","mnotify2":"true","m1":0,"m2":0,"m3":0,"beadott":7,"lastMail":"2018-05-18","lastMail2":"2018-05-18","opened":"2018-05-13"},{"id":17,"userName":"M\u00e1t\u00e9 Gerg\u0151","passw":"$2y$10$jDxd8zLtACo6cydETMO4Z.FCgg6PlmX2oCCUonr4JuVmO9M324Q2q","omail":"mgergo89@gmail.com","group":"gr2","tempid":"0","myFolder":"MtGerg_17","mnotify":"true","mnotify2":"true","m1":0,"m2":0,"m3":0,"beadott":0,"lastMail":"2018-05-20","lastMail2":"0","opened":"2018-05-16"}]