{"assigned":[{"id":"5a7e1f14a155f","apath":"VOCAB\/Tenses-5.json","atitle":"Tenses - 5","userTipps":null,"correct":"-","date1":"2018-02-09","tipus":3,"viewed":"no","remarks":null,"message":null},{"id":"5a7e1f1a5776c","apath":"VOCAB\/Tenses-6.json","atitle":"Tenses - 6","userTipps":null,"correct":"-","date1":"2018-02-09","tipus":3,"viewed":"no","remarks":null,"message":null},{"id":"5a7e1f1fef8ea","apath":"VOCAB\/Tenses-7.json","atitle":"Tenses - 7","userTipps":null,"correct":"-","date1":"2018-02-09","tipus":3,"viewed":"no","remarks":null,"message":null},{"id":"5a7e1f28206e0","apath":"VOCAB\/Tenses-8.json","atitle":"Tenses - 8","userTipps":null,"correct":"-","date1":"2018-02-09","tipus":3,"viewed":"no","remarks":null,"message":null}],"submitted":[],"corrected":[{"id":"5a7485e8c751f","apath":"VOCAB\/Tenses-1.json","atitle":"Tenses - 1","userTipps":"0_1_2_3_","correct":"null","date1":"2018-02-03","tipus":"3","viewed":"yes","remarks":"-_-_-_-_","message":"Great job, Chao."},{"id":"5a7485f1a828b","apath":"VOCAB\/Tenses-2.json","atitle":"Tenses - 2","userTipps":"0_1_2_4_3_","correct":"null","date1":"2018-02-03","tipus":"3","viewed":"yes","remarks":"-_-_-_-_-_","message":"Okay, Chao."},{"id":"5a7485f66e688","apath":"VOCAB\/Tenses-3.json","atitle":"Tenses - 3","userTipps":"0_1_2_3_4_","correct":"null","date1":"2018-02-03","tipus":"3","viewed":"yes","remarks":"-_-_-_-_-_","message":"You're awesome, Chao."},{"id":"5a7485face4b1","apath":"VOCAB\/Tenses-4.json","atitle":"Tenses - 4","userTipps":"0_1_2_3_","correct":"null","date1":"2018-02-03","tipus":"3","viewed":"yes","remarks":"-_-_-_-_","message":"You're awesome, Chao."},{"id":"5a7e1f322f005","apath":"VOCAB\/Tenses-10.json","atitle":"Tenses - 10","userTipps":"0_1_2_3_4_","correct":"null","date1":"2018-02-10","tipus":"3","viewed":"2018-02-10 10:36:11","remarks":"-_-_-_-_-_","message":"Great job."},{"id":"5a7e1f2d5361c","apath":"VOCAB\/Tenses-9.json","atitle":"Tenses - 9","userTipps":"4_1_2_0_3_","correct":"null","date1":"2018-02-10","tipus":"3","viewed":"2018-02-10 10:38:57","remarks":"-_-_-_-_-_","message":""}]}