{"title":"Relative Clauses - which or that","instructions":"Complete the sentences with the appropriate relative clause B1whichB2 or B1thatB2.","weight":"2","exa":null,"type":"1","helps":["RELCLS\/that_tendencies.html"],"contents":[{"id":0,"sentence":["There wasn't anybody "," could help me."],"solutions":[["that","who"]],"userTipps":"GGG_GGG_","explain":["Corr: that or who. There's 'anybody' in the sentence so 'that' is correct, but 'who' can be correct, too."]},{"id":1,"sentence":["Is this the problem "," is causing you so much trouble?"],"solutions":[["which","that"]],"userTipps":"GGG_GGG_","explain":["Corr: which or that. Both are correct."]},{"id":2,"sentence":["The house "," used to stand there was pulled down last year."],"solutions":[["which","that"]],"userTipps":"GGG_GGG_","explain":["Corr: which or that. Both are correct."]},{"id":3,"sentence":["She had painted a few paintings "," were better than my ones."],"solutions":[["that"]],"userTipps":"GGG_GGG_","explain":["Corr: that. There's 'a few' in the sentence so 'that' is a better choice."]},{"id":4,"sentence":["The guns and swords "," ornamented the wall were all from the 18th century."],"solutions":[["that","which"]],"userTipps":"GGG_GGG_","explain":["Corr: which or that. Both are correct."]},{"id":5,"sentence":["I think he is the only person "," can solve your problem."],"solutions":[["that","who"]],"userTipps":"GGG_GGG_","explain":["Corr: that. There's the expression 'the only' in the sentence, so 'that' is a better choice, but 'who' is also good."]},{"id":6,"sentence":["We can't find the dog "," has bitten you."],"solutions":[["that","which"]],"userTipps":"GGG_GGG_","explain":["Corr: which or that. Both are correct."]},{"id":7,"sentence":["The bank "," has given us the loan has gone bankrupt."],"solutions":[["which","that"]],"userTipps":"GGG_GGG_","explain":["Corr: which or that. Both are correct."]},{"id":8,"sentence":["Is this the hotel in "," we stayed?"],"solutions":[["which"]],"userTipps":"GGG_GGG_","explain":["Corr: which. There's a preposition 'in' before the relative pronoun, so we cannot use 'that' here."]},{"id":9,"sentence":["There were no suggestions "," could have meant a solution to the problem."],"solutions":[["that"]],"userTipps":"GGG_GGG_","explain":["Corr: that. There's is 'no' in the sentence so 'that' is a better choice."]}]}