{"title":"Relative Clauses - 2","instructions":"Select the alternative that best completes the sentence.","weight":"2","exa":null,"type":"2","helps":["RELCLS\/relative_cls_1.html"],"contents":[{"id":0,"sentence":["The best offer "," was presented to us was from a foreign company."],"solutions":["GGG"],"distractors":[["---","what","which"]],"solu":["2"],"remarks":[["Here we cannot leave out the relative pronoun because it's the subject of the relative clause.","'offer' is a noun, so only 'which' or 'that' can follow it, 'what' is not correct.","C"]]},{"id":1,"sentence":["The knife with "," I opened the can cannot be used any more."],"solutions":["GGG"],"distractors":[["---","that","which"]],"solu":["2"],"remarks":[["There's a preposition 'with', so we cannot leave out the relative pronoun.","There's a preposition, so 'that' is not correct.","C"]]},{"id":2,"sentence":["We bought the car "," stood in the shop window."],"solutions":["GGG"],"distractors":[["---","who","which"]],"solu":["2"],"remarks":[["Here we cannot leave out the relative pronoun because it's the subject of the rel. clause.","We cannot refer to inanimate objects (car) with 'who'.","C"]]},{"id":3,"sentence":["You should just give the emperor "," he wants."],"solutions":["GGG"],"distractors":[["---","which","what"]],"solu":["2"],"remarks":[["We need 'what' because this relative clause is the object of a verb: 'give'.","We need 'what' because this relative clause is the object of a verb: 'give'.","C"]]},{"id":4,"sentence":["He hasn't solved any problems "," have ever come up in the course of his career here."],"solutions":["GGG"],"distractors":[["---","which","what"]],"solu":["1"],"remarks":[["Here we cannot leave out the relative pronoun because it's the subject of the relative clause.","C","We cannot use 'what' here because we need to refer back to a noun: 'problems'."]]},{"id":5,"sentence":["According to "," I read in this economic book, we should never buy a new car."],"solutions":["GGG"],"distractors":[["which","that","what"]],"solu":["2"],"remarks":[["There's no noun to refer back to, so we need to use 'what'.","There's no noun to refer back to, so we need to use 'what'.","C"]]},{"id":6,"sentence":["Is it "," you call Yorkshire pudding?"],"solutions":["GGG"],"distractors":[["what","which","---"]],"solu":["0"],"remarks":[["C","We need 'what' because there's no noun to refer back to. There's only a verb: 'Is'. If it were a statement: 'It is what...'","We need 'what' because there's no noun to refer back to. There's only a verb: 'Is'. If it were a statement: 'It is what...'"]]},{"id":7,"sentence":["The ball never landed on the number on "," I put my money."],"solutions":["GGG"],"distractors":[["which","what","that"]],"solu":["0"],"remarks":[["C","We refer back to a noun: 'number', so we cannot use 'what'.","After a preposition (here: on), we cannot use 'that'. We have to use 'which'."]]}]}