{"title":"Relative Clauses - which or that","instructions":"Complete the sentences with the appropriate relative clause B1whichB2 or B1thatB2.","weight":"2","exa":null,"type":"1","helps":["RELCLS\/that_tendencies.html"],"contents":[{"id":0,"sentence":["I did that because it was the first thing "," occurred to me."],"solutions":[["that"]],"userTipps":"GGG_GGG_","explain":["Corr: that. The sentence contains the word 'first', so 'that' is a better choice."]},{"id":1,"sentence":["Is that the CD "," has a scratch on it?"],"solutions":[["which","that"]],"userTipps":"GGG_GGG_","explain":["Corr: which or that. Both solutions are correct."]},{"id":2,"sentence":["What was the word "," offended him?"],"solutions":[["which","that"]],"userTipps":"GGG_GGG_","explain":["Corr: which or that. Both are correct."]},{"id":3,"sentence":["Is that the book "," contains the information we need?"],"solutions":[["which","that"]],"userTipps":"GGG_GGG_","explain":["Corr: which or that. Both are correct."]},{"id":4,"sentence":["I can never do anything "," satisfies her."],"solutions":[["that"]],"userTipps":"GGG_GGG_","explain":["Corr: that. The sentence contains the word 'anything', so 'that' is a better solution."]},{"id":5,"sentence":["Is it the house of "," you have ever dreamt?"],"solutions":[["which"]],"userTipps":"GGG_GGG_","explain":["Corr: which. There's a preposition 'of' before the relative pronoun, so only 'which' can be used."]},{"id":6,"sentence":["The whisky "," we were drinking wasn\u2019t good enough."],"solutions":[["which","that"]],"userTipps":"GGG_GGG_","explain":["Corr: which or that. Both solutions are correct."]},{"id":7,"sentence":["The baby was crying and there was nothing "," could comfort her."],"solutions":[["that"]],"userTipps":"GGG_GGG_","explain":["Corr: that. The sentence contains 'nothing', so 'that' is a better choice."]},{"id":8,"sentence":["The best drink "," was in the fridge was my father\u2019s cognac."],"solutions":[["that"]],"userTipps":"GGG_GGG_","explain":["Corr: that. The sentence contains a superlative 'best', so 'that' is a better choice."]},{"id":9,"sentence":["This is the knife with "," Joe cut his finger."],"solutions":[["which"]],"userTipps":"GGG_GGG_","explain":["Corr: which. There's a preposition 'with' before the relative pronoun, so 'that' cannot be used."]}]}