{"title":"Relative Clauses - 1","uid":null,"instructions":"Select the alternative that best completes the sentence.","type":2,"contents":[{"id":0,"sentence":["This is the film about "," we spoke last week."],"solutions":["GGG"],"distractors":[["what ","which ","that"]],"solu":["1"],"remarks":[["Corr: which. We cannot use 'what' because we need to refer to a noun (the film). ","C ","Corr: which. After a preposition we cannot use 'that', only 'which' is correct."]]},{"id":1,"sentence":["The experts "," spoke about the problem were all wrong."],"solutions":["GGG"],"distractors":[["which ","who ","what"]],"solu":["1"],"remarks":[["Corr: who. We refer to experts, that is living beings, so we need to use 'who'. ","C ","Corr: who. We refer to experts, that is living beings, so we need to use 'who'."]]},{"id":2,"sentence":["Don't tell me you can do "," you want."],"solutions":["GGG"],"distractors":[["which ","what ","that"]],"solu":["1"],"remarks":[["Corr: what. 'which' is not correct because there's no noun before it to which it can refer back. ","C ","Corr: what. 'that' is not correct because there's no noun before it to which it can refer back."]]},{"id":3,"sentence":["Those "," live at such high altitude have got used to it."],"solutions":["GGG"],"distractors":[["who ","what ","that ","which"]],"solu":["0"],"remarks":[["C ","Corr: who. Here 'Those' refer to people, so we need to use 'who'. ","Corr: who. Here 'Those' refer to people, so we need to use 'who'. ","Corr: who. Here 'Those' refer to people, so we need to use 'who'."]]},{"id":4,"sentence":["This is not "," we agreed about."],"solutions":["GGG"],"distractors":[["which","what","that"]],"solu":["1"],"remarks":[["Corr: what. There's a verb 'is' and it has to be followed by 'what'.","C","Corr: what. There's a verb 'is' and it has to be followed by 'what'."]]},{"id":5,"sentence":["The tree into "," we crashed with our car was cut down two days after the accident."],"solutions":["GGG"],"distractors":[["what","that","which"]],"solu":["2"],"remarks":[["Corr: which. We need to refer back to a noun and there's a preposition, so only 'which' is correct.","Corr: which. We need to refer back to a noun and there's a preposition, so only 'which' is correct.","C"]]},{"id":6,"sentence":["The book "," sold best last year seems to be a great success this year, too."],"solutions":["GGG"],"distractors":[["that","---","what"]],"solu":["0"],"remarks":[["C","Corr: 'that'. We cannot leave out the relative pronoun because it's the subject of the rel. clause.","Corr: 'that'. 'what' is not correct because we need to refer back to a noun 'the book'."]]},{"id":7,"sentence":["Was that all "," she wanted?"],"solutions":["GGG"],"distractors":[["what","which","that"]],"solu":["2"],"remarks":[["Corr: 'that'. We refer back to a noun 'all', so we cannot use 'what'.","Corr: 'that'. We refer back to a noun, so 'which' could be correct, but because of 'all' we have to use 'that'.","C"]]},{"id":8,"sentence":["The best choice "," he'd ever made was to marry Angelina."],"solutions":["GGG"],"distractors":[["what","---","that"]],"solu":["12"],"remarks":[["Corr: 'that' or '---' We refer back to a noun 'choice' so we need 'which' or 'that', but here we can omit the relative pronoun because there's a subject after it: 'he'.","C","C"]]}],"weight":"2"}