{"title":"Relative Clauses - Which, That or What 3","instructions":"Complete the sentences with the appropriate relative pronoun, B1whichB2, B1thatB2 or B1whatB2.","weight":"2","exa":null,"type":"0","helps":["RELCLS\/relative_cls_1.html"],"contents":[{"id":0,"sentence":["You should always tell the boss "," he wants to hear."],"solutions":["GGG"],"distractors":[["which","that","what"]],"solu":["2"],"remarks":[["Corr: what. The verb 'tell' has two objects, one is 'the boss' the other is the clause starting with 'what'. So there's no noun to refer back to."]]},{"id":1,"sentence":["Is this "," you can say?"],"solutions":["GGG"],"distractors":[["which","that","what"]],"solu":["2"],"remarks":[["Corr: what. This is a question, but if we look at the normal word order (This is what you can...), we can see that 'what' comes after the verb 'be', so there's no noun to refer back to."]]},{"id":2,"sentence":["Is that all "," you can say?"],"solutions":["GGG"],"distractors":[["which","that","what"]],"solu":["01"],"remarks":[["Corr: which or that. Here we refer back to a noun 'all', so we cannot use 'what'. The relative pronoun 'that' would be better here than 'which' because if the clause contains 'all', we prefer to use 'that' instead of 'which'."]]},{"id":3,"sentence":["I haven't read the book on "," this film is based."],"solutions":["GGG"],"distractors":[["which","that","what"]],"solu":["0"],"remarks":[["Corr: which. Here we refer back to a noun 'the book', so only 'which' is correct. The relative pronoun 'that' is not correct here because we cannot use it after prepositions."]]},{"id":4,"sentence":["My son doesn't understand that he cannot always get "," he wants."],"solutions":["GGG"],"distractors":[["which","that","what"]],"solu":["2"],"remarks":[["Corr: what. There's no noun to refer back to, 'what' comes immediately after a verb (get)."]]},{"id":5,"sentence":["Do you still remember the look "," was in his eyes?"],"solutions":["GGG"],"distractors":[["which","that","what"]],"solu":["01"],"remarks":[["Corr: which or that. Here we refer back to a noun 'the look', so we cannot use 'what'."]]},{"id":6,"sentence":["I never did "," my parents wanted me to do."],"solutions":["GGG"],"distractors":[["which","that","what"]],"solu":["2"],"remarks":[["Corr: what. Here 'what' comes immediately after a verb (did), so there's no noun to refer back to."]]},{"id":7,"sentence":["They talked about topics "," are indeed very important to all of us."],"solutions":["GGG"],"distractors":[["which","that","what"]],"solu":["01"],"remarks":[["Corr: which or that. Here we refer back to a noun 'topics', so we cannot use 'what'."]]},{"id":8,"sentence":["You will pay for "," you have done to me."],"solutions":["GGG"],"distractors":[["which","that","what"]],"solu":["2"],"remarks":[["Corr: what. Here 'what' comes after a verb (pay for), so there's no noun to refer back to, so we cannot use 'which' or 'that'."]]},{"id":9,"sentence":["Bob and Ed talked about things about "," I have never heard. They're so clever."],"solutions":["GGG"],"distractors":[["which","that","what"]],"solu":["0"],"remarks":[["Corr: which. Here we refer back to a noun 'things', so only 'which' is correct. The relative pronoun 'that' is not correct here because we cannot use it after prepositions."]]}]}