{"title":"Relative Clauses All 4","instructions":"Complete the sentences with the appropriate relative pronoun, B1whichB2, B1thatB2, B1whoB2, B1whomB2, B1nothingB2 or B1whatB2.","weight":"2","exa":null,"type":"1","helps":["RELCLS\/relative_cls_1.html"],"contents":[{"id":0,"sentence":["Could you tell me what's wrong with "," I said?"],"solutions":[["what"]],"userTipps":"GGG_GGG_","explain":["Corr: what. There's no noun to refer back to, so we cannot use 'which' or 'that'."]},{"id":1,"sentence":["The boss would like to fire the guy "," I work together with."],"solutions":[["who","whom","that"]],"userTipps":"GGG_GGG_","explain":["Corr: who, whom or that. We refer to a person, so we cannot use 'which'. The relative pronoun is the object of the relative clause, so we can use the objective case of 'who' that is 'whom'. But 'who' is acceptable, too, just like 'that'."]},{"id":2,"sentence":["First, we saw a church beside "," there was a graveyard in "," some famous people were buried."],"solutions":[["which"],["which"]],"userTipps":"GGG_GGG_GGG_","explain":["Corr: which. We refer back to a noun (a church), so we cannot use 'what'. There's a preposition, so only 'which' is correct here and we cannot leave it out.","Corr: which. We refer back to a noun (a graveyard), so we cannot use 'what'. There's a preposition, so only 'which' is correct here and we cannot leave it out."]},{"id":3,"sentence":["Which is the best Linux distribution with "," I could hack into systems?"],"solutions":[["which"]],"userTipps":"GGG_GGG_","explain":["Corr: which. Corr: which. We refer back to a noun (Linux distribution), so we cannot use 'what'. There's a preposition, so only 'which' is correct here and we cannot leave it out."]},{"id":4,"sentence":["I'm not afraid of "," the boss said, but I'm in terror of "," she's going to do."],"solutions":[["what"],["what"]],"userTipps":"GGG_GGG_GGG_","explain":["Corr: what. There's no noun to refer back to, so we cannot use 'which' or 'that'.","Corr: what. There's no noun to refer back to, so we cannot use 'which' or 'that'."]},{"id":5,"sentence":["Why do you direct all the phone calls "," you receive to me?"],"solutions":[["which","that","GGG"]],"userTipps":"GGG_GGG_","explain":["Corr: which, that or nothing. We refer back to a noun (phone calls), so we cannot use 'what'. As the relative pronoun is the subject of the relative clause, we can leave it out. If we choose to include it, 'that' is the preferred solution because there's 'all' in the sentence."]},{"id":6,"sentence":["The incidents "," lead up to the explosion are still not clear."],"solutions":[["which","that"]],"userTipps":"GGG_GGG_","explain":["Corr: which or that. We refer back to a noun (incidents), so we cannot use 'what'. We cannot leave out the relative pronoun because it's the subject of the relative clause."]},{"id":7,"sentence":["We do appreciate the assistance "," they gave us and without "," we couldn't have succeeded."],"solutions":[["which","that","GGG"],["which"]],"userTipps":"GGG_GGG_GGG_","explain":["Corr: which, that or nothing. We refer back to a noun (assistance), so we cannot use 'what'. As the relative pronoun is not the subject of the relative clause, we can leave it out.","Corr: which. We refer back to a noun (assistance), so we cannot use 'what'. We need to keep the relative pronoun because there's a preposition. We cannot use 'that' because it's not used after prepositions."]},{"id":8,"sentence":["Yes, my hair is graying. However, this is something over "," I have no control."],"solutions":[["which"]],"userTipps":"GGG_GGG_","explain":["Corr: which. We refer back to a noun (something), so we cannot use 'what'. There's a preposition (over), so we cannot leave out the relative pronoun and 'that' wouldn't be correct because it cannot be used after prepositions."]},{"id":9,"sentence":["Is it only our memories "," make us "," we are?"],"solutions":[["that","which"],["who","what"]],"userTipps":"GGG_GGG_GGG_","explain":["Corr: that or which. It's an 'it's ... that' structure, so we cannot use 'what' here and 'that' is preferred to 'which'. We cannot leave it out because it's the subject of the relative clause.","Corr: who or what. We do not refer back to any nouns here, so 'which' or 'that' are not correct."]}]}