{"title":"Relative Clauses - which or that","instructions":"Complete the sentences with the appropriate relative clause B1whichB2 or B1thatB2.","weight":"2","exa":null,"type":"1","helps":["RELCLS\/that_tendencies.html"],"contents":[{"id":0,"sentence":["It is the third car "," has crashed into that tree today."],"solutions":[["that"]],"userTipps":"GGG_GGG_","explain":["Corr: that. Here the 'it is ... that' structure is used, so only 'that' is correct."]},{"id":1,"sentence":["That was the only film "," had more that 10 Oscars."],"solutions":[["that"]],"userTipps":"GGG_GGG_","explain":["Corr: that. The sentence contains 'the only', so 'that' is a better choice."]},{"id":2,"sentence":["I don't like the films "," are only about some superhero who kills everybody:"],"solutions":[["which","that"]],"userTipps":"GGG_GGG_","explain":["Corr: which or that. Both are correct."]},{"id":3,"sentence":["The water "," came through the roof soaked my bed."],"solutions":[["that","which"]],"userTipps":"GGG_GGG_","explain":["Corr: which or that. Both are correct."]},{"id":4,"sentence":["What was the story about "," he wanted to write a book?"],"solutions":[["which"]],"userTipps":"GGG_GGG_","explain":["Corr: which. There's a preposition 'about' before the relative clause, so only 'which' is correct."]},{"id":5,"sentence":["Do you go to see all the films "," stars your favourite actors?"],"solutions":[["that"]],"userTipps":"GGG_GGG_","explain":["Corr: that. The sentence contains 'all', so 'that' is a better choice."]},{"id":6,"sentence":["That's all "," came to my mind then."],"solutions":[["that"]],"userTipps":"GGG_GGG_","explain":["Corr: that. The sentence contains 'all', so 'that' is a better choice."]},{"id":7,"sentence":["I've got a few ideas "," could help you."],"solutions":[["that"]],"userTipps":"GGG_GGG_","explain":["Corr: that. The sentence contains 'a few', so 'that' is a better choice."]},{"id":8,"sentence":["Was that the worst thing "," had happened to you?"],"solutions":[["that"]],"userTipps":"GGG_GGG_","explain":["Corr: that. The sentence contains a superlative 'the worst' so 'that' is a better choice."]},{"id":9,"sentence":["The shoes "," were standing at the doormat were my son's."],"solutions":[["which","that"]],"userTipps":"GGG_GGG_","explain":["Corr: which or that. Both are correct."]}]}