{"title":"Relative Clauses","uid":null,"instructions":"Fill in the gaps with the relative pronouns.","type":0,"contents":[{"id":0,"sentence":["This is the book about "," we spoke last week."],"solutions":["GGG"],"distractors":[["that ","which ","what"]],"solu":["1"],"remarks":[["corr: which. After a preposition, do not use 'that'. ","C ","corr: which. 'what' should follow a verb."]]},{"id":1,"sentence":["The experts "," spoke about these problems were convincing."],"solutions":["GGG"],"distractors":[["which ","who ","what"]],"solu":["1"],"remarks":[["corr: who. 'which' is used with inanimate objects. ","C ","corr: who. 'what' should follow a verb."]]},{"id":2,"sentence":["The car "," was standing in front of the house was mine."],"solutions":["GGG"],"distractors":[["--- ","what ","which"]],"solu":["2"],"remarks":[["corr: which. We cannot omit the rel. pronoun because it's the subject of the rel. clause ","corr: which. 'what' can follow only a verb. ","C"]]},{"id":3,"sentence":["The knife with "," I opened the can cannot be used any more."],"solutions":["GGG"],"distractors":[["--- ","what ","which"]],"solu":["2"],"remarks":[["corr: which. There's a preposition (with), so we need a rel. pronoun after it. ","corr: which. 'what' can follow a verb. ","C"]]}]}