{"title":"Relative Clauses - Which, That or What 4","instructions":"Complete the sentences with the appropriate relative pronoun, B1whichB2, B1thatB2 or B1whatB2.","weight":"2","exa":null,"type":"0","helps":["RELCLS\/relative_cls_1.html"],"contents":[{"id":0,"sentence":["They accuse Greg of "," he didn't do."],"solutions":["GGG"],"distractors":[["which","that","what"]],"solu":["2"],"remarks":[["Corr: what. There's no noun to refer back to, so only 'what' is correct. The verb 'accuse sb of sg' has two objects, and here the second is a noun clause starting with 'what'."]]},{"id":1,"sentence":["Max wanted to buy the newspaper "," sold best in that area."],"solutions":["GGG"],"distractors":[["which","that","what"]],"solu":["10"],"remarks":[["Corr: which or that. We refer back to a noun 'the newspaper', so we cannot use 'what'."]]},{"id":2,"sentence":["I'm suffering from "," the doctors haven\u2019t found a word for."],"solutions":["GGG"],"distractors":[["which","that","what"]],"solu":["2"],"remarks":[["Corr: what. Here there's no noun to refer back to, so we cannot use 'which' or 'that'."]]},{"id":3,"sentence":["They always joke about "," I say or do."],"solutions":["GGG"],"distractors":[["which","that","what"]],"solu":["2"],"remarks":[["Corr: what. Here there's no noun to refer back to, 'what' comes after a verb (joke about)."]]},{"id":4,"sentence":["They've found the virus "," is responsible for this epidemic."],"solutions":["GGG"],"distractors":[["which","that","what"]],"solu":["01"],"remarks":[["Corr: which or that. Here we refer back to a noun 'the virus', so we cannot use 'what'."]]},{"id":5,"sentence":["I'm still thinking about "," you told me yesterday."],"solutions":["GGG"],"distractors":[["which","that","what"]],"solu":["2"],"remarks":[["Corr: what. Here there's no noun to refer back to, so we cannot use 'which' or 'that'."]]},{"id":6,"sentence":["There're certain skills without "," you can never be a good programmer."],"solutions":["GGG"],"distractors":[["which","that","what"]],"solu":["0"],"remarks":[["Corr: which. We refer back to a noun (skills), so we cannot use 'what'. We cannot use 'that' either because it cannot be used after prepositions, and here we have 'without'."]]},{"id":7,"sentence":["Well, the bus stop at "," you got off is quite far away from the building "," is marked on our map."],"solutions":["GGG","GGG"],"distractors":[["which","that","what"],["which","that","what"]],"solu":["0-01"],"remarks":[["Corr: which. We refer back to a noun (bus stop), so we cannot use 'what'. Here we cannot use 'that' either because there's a preposition (at), and it cannot be used after prepositions."],["Corr: which or that. We refer back to a noun (the building), so we cannot use 'what'."]]},{"id":8,"sentence":["Sue takes pride in "," she does."],"solutions":["GGG"],"distractors":[["which","that","what"]],"solu":["2"],"remarks":[["Corr: what. Here there's no noun to refer back to, so only 'what' is correct."]]},{"id":9,"sentence":["He had read most of the books "," stood on the shelf."],"solutions":["GGG"],"distractors":[["which","that","what"]],"solu":["01"],"remarks":[["Corr: which or that. We refer back to a noun 'the books', so we cannot use 'what'."]]}]}