{"title":"Relative Clauses All 3","instructions":"Complete the sentences with the appropriate relative pronoun, B1whichB2, B1thatB2, B1whoB2, B1whomB2, B1nothingB2 or B1whatB2.","weight":"2","exa":null,"type":"1","helps":["RELCLS\/relative_cls_1.html"],"contents":[{"id":0,"sentence":["Our boss doesn't seem to be interested in "," we're doing here."],"solutions":[["what"]],"userTipps":"GGG_GGG_","explain":["Corr: what. There's no noun to refer back to, so we cannot use 'which' or 'that'."]},{"id":1,"sentence":["The pain "," went through my body after the accident was unbearable."],"solutions":[["which","that"]],"userTipps":"GGG_GGG_","explain":["Corr: which or that. We refer back to a noun (the pain), so we cannot use 'what'. Here we cannot leave out the relative pronoun because it's the subject of the relative clause."]},{"id":2,"sentence":["I just watched the cars "," were rolling by in front of our house."],"solutions":[["which","that"]],"userTipps":"GGG_GGG_","explain":["Corr: which or that. We refer back to a noun (the cars), so we cannot use 'what'. Here we cannot leave out the relative pronoun because it's the subject of the relative clause."]},{"id":3,"sentence":["When the shooting started, I tried hide behind "," seemed to be an old fridge."],"solutions":[["what"]],"userTipps":"GGG_GGG_","explain":["Corr: what. There's no noun to refer back to, so we cannot use 'which' or 'that'."]},{"id":4,"sentence":["Next to "," you suggested, what else can we do to save the giraffe?"],"solutions":[["what"]],"userTipps":"GGG_GGG_","explain":["Corr: what. There's no noun to refer back to, so we cannot use 'which' or 'that'."]},{"id":5,"sentence":["Those "," don't submit the request before the 11 May will be fined."],"solutions":[["who"]],"userTipps":"GGG_GGG_","explain":["Corr: who. Here we refer to persons, 'Those' at the beginning of the sentence means 'Those people...'."]},{"id":6,"sentence":["A new idea was born in the robot's head, one "," we had never put there."],"solutions":[["which","that","GGG"]],"userTipps":"GGG_GGG_","explain":["Corr: which, that or nothing. We refer back to a noun (one), so we cannot use 'what'. We can also leave out the relative pronoun because it's not the subject of the relative clause."]},{"id":7,"sentence":["The tactics "," we used and with "," we finally won the game was totally new."],"solutions":[["which","that","GGG"],["which"]],"userTipps":"GGG_GGG_GGG_","explain":["Corr: which, that or nothing. We refer back to a noun (the tactics), so we cannot use 'what'. We can leave out the relative pronoun because it's not the subject of the relative clause.","Corr: which. We refer back to a noun, so we cannot use 'what'. There's a preposition, so we cannot leave out the relative pronoun and it can only be 'which' because 'that' is not used after prepositions."]},{"id":8,"sentence":["Your wife can always talk you into "," she wants you to do."],"solutions":[["what"]],"userTipps":"GGG_GGG_","explain":["Corr: what. There's no noun to refer back to, so we cannot use 'which' or 'that'."]},{"id":9,"sentence":["We took a path "," led to a cave."],"solutions":[["which","that"]],"userTipps":"GGG_GGG_","explain":["Corr: which or that. We refer back to a noun (a path), so we cannot use 'what'. We cannot leave out the relative pronoun because it's the subject of the relative clause."]}]}