{"title":"Relative Clauses - Which, That or Nothing 1","instructions":"Complete the sentences with the appropriate relative pronoun, B1whichB2, B1thatB2 or wherever it is possible B1nothingB2.","weight":"2","exa":null,"type":"1","helps":["RELCLS\/relative_cls_1.html"],"contents":[{"id":0,"sentence":["The book "," I'm reading now is by Thomas Pynchon."],"solutions":[["which","that","GGG"]],"userTipps":"GGG_GGG_","explain":["Corr: which, that or nothing. There's a pronoun 'I' after the relative pronoun, so it's not the subject of the relative clause, so we can leave it out."]},{"id":1,"sentence":["Have you found the pen "," you were looking for?"],"solutions":[["which","that","GGG"]],"userTipps":"GGG_GGG_","explain":["Corr: which, that or nothing. There's a pronoun 'you' after the relative pronoun, so it's not the subject of the relative clause, so we can leave it out."]},{"id":2,"sentence":["Can I just do anything "," could make you happy?"],"solutions":[["which","that"]],"userTipps":"GGG_GGG_","explain":["Corr: which or that. We cannot leave out the relative pronoun because it's the subject of the relative clause. As there's 'anything' in the sentence, 'that' is a better solution than 'which'."]},{"id":3,"sentence":["You need to read the books without "," you won't pass the exam."],"solutions":[["which"]],"userTipps":"GGG_GGG_","explain":["Corr: which. As there's a preposition, we cannot leave out the relative pronoun and it cannot be 'that' because we cannot use it after prepositions."]},{"id":4,"sentence":["Why do I always have to do the tasks "," others don't want to do?"],"solutions":[["which","that","GGG"]],"userTipps":"GGG_GGG_","explain":["Corr: which, that or nothing. We can leave out the relative pronoun because 'others' is the subject of the relative clause."]},{"id":5,"sentence":["I didn't know any of the films "," they talked about."],"solutions":[["which","that","GGG"]],"userTipps":"GGG_GGG_","explain":["Corr: which, that or nothing. Here it's possible to leave out the relative pronoun because the subject of the relative clause is 'they'."]},{"id":6,"sentence":["I can't solve the problems with "," my kids bother me all the time."],"solutions":[["which"]],"userTipps":"GGG_GGG_","explain":["Corr: which. As there's a preposition, we cannot leave out the relative pronoun and it cannot be 'that' because we cannot use it after prepositions."]},{"id":7,"sentence":["The cat "," scratched my daughter's hand is my favourite one."],"solutions":[["which","that"]],"userTipps":"GGG_GGG_","explain":["Corr: which or that. Here we cannot leave out the relative pronoun because because it's the subject of the relative clause."]},{"id":8,"sentence":["I'd like to choose a hotel "," is near the city centre, but not too expensive."],"solutions":[["which","that"]],"userTipps":"GGG_GGG_","explain":["Corr: which or that. Here we cannot leave out the relative pronoun because because it's the subject of the relative clause."]},{"id":9,"sentence":["The university from "," I graduated is world-famous now."],"solutions":[["which"]],"userTipps":"GGG_GGG_","explain":["Corr: which. As there's a preposition (from), we cannot leave out the relative pronoun and it cannot be 'that' because we cannot use it after prepositions."]}]}