{"title":"Relative Clauses - Which, That or Nothing 3","instructions":"Complete the sentences with the appropriate relative pronoun, B1whichB2, B1thatB2 or wherever it is possible B1nothingB2.","weight":"2","exa":null,"type":"1","helps":["RELCLS\/relative_cls_1.html"],"contents":[{"id":0,"sentence":["We took the train "," took us to Boston."],"solutions":[["which","that"]],"userTipps":"GGG_GGG_","explain":["Corr: which or that. Here the relative pronoun is the subject of the relative clause, so we cannot leave out the relative pronoun."]},{"id":1,"sentence":["I couldn't recognise the city over "," we were flying."],"solutions":[["which"]],"userTipps":"GGG_GGG_","explain":["Corr: which. There's a preposition so we cannot leave out the relative pronoun and only 'which' is correct because after prepositions we cannot use 'that'."]},{"id":2,"sentence":["This is the part because of "," the car stopped. At the moment, I don't have anything "," could replace this."],"solutions":[["which"],["that","which"]],"userTipps":"GGG_GGG_GGG_","explain":["Corr: which. There's a preposition so we need to use a relative pronoun and it has to be 'which' because 'that' is not used after prepositions.","Corr: that or which. Here the relative pronoun is the subject of the relative clause, so we cannot leave it out. As there's 'anything' in the clause, 'that' is a better solution than 'which'."]},{"id":3,"sentence":["I was drunk last night so I don't remember the things "," I did."],"solutions":[["which","that","GGG"]],"userTipps":"GGG_GGG_","explain":["Corr: which, that or nothing. We can leave out the relative pronoun because it's not the subject of the relative clause. Its subject is 'I'."]},{"id":4,"sentence":["Our city sports two huge stadiums "," can seat fifty-thousand people each."],"solutions":[["which","that"]],"userTipps":"GGG_GGG_","explain":["Corr: which or that. We cannot leave out the relative pronoun because it's the subject of the relative clause."]},{"id":5,"sentence":["I looked up the stairs at the top of "," Sandra was standing with her arms akimbo."],"solutions":[["which"]],"userTipps":"GGG_GGG_","explain":["Corr: which. Only 'which' is correct here because there's a preposition (of), so we need to use a relative pronoun and it cannot be 'that' because it cannot be used after prepositions."]},{"id":6,"sentence":["These are the oranges among "," I found a lemon."],"solutions":[["which"]],"userTipps":"GGG_GGG_","explain":["Corr: Only 'which' is correct here because there's a preposition (among), so we need to use a relative pronoun and it cannot be 'that' because it cannot be used after prepositions."]},{"id":7,"sentence":["The meerkat "," bit my finger is now dead."],"solutions":[["which","that"]],"userTipps":"GGG_GGG_","explain":["Corr: which or that. The relative pronoun is the subject of the relative clause, so we cannot leave them out."]},{"id":8,"sentence":["I've forgotten in "," box I hid my money, and I hope it was not the one "," my mother threw away."],"solutions":[["which"],["which","that","GGG"]],"userTipps":"GGG_GGG_GGG_","explain":["Corr: which. There's a preposition so we need to use a relative pronoun and it can only be 'which' because 'that' cannot be used after prepositions.","Corr: which, that or nothing. Here we can leave out the relative pronoun because it is not the subject of the relative clause."]},{"id":9,"sentence":["Only one sandwich? Is that all "," is left for us?"],"solutions":[["that","which"]],"userTipps":"GGG_GGG_","explain":["Corr: that or which. The relative pronoun is the subject of the relative clause, so we cannot leave it out. Here, as there's 'all' in the sentence, 'that' is a better solution that 'which'. The word 'which' would sound unnatural after 'all'."]}]}