{"title":"Relative Clauses - Which or What 1","instructions":"Complete the sentences with the appropriate relative pronoun, B1whichB2 or B1whatB2.","weight":"2","exa":null,"type":"0","helps":["RELCLS\/relative_cls_1.html"],"contents":[{"id":0,"sentence":["I've written down "," I need."],"solutions":["GGG"],"distractors":[["which","what"]],"solu":["1"],"remarks":[["Corr: what. Here 'what' comes immediately after the noun 'written down', so there's no noun before to refer back to."]]},{"id":1,"sentence":["He didn't believe that there is a car "," can do 200 miles a gallon."],"solutions":["GGG"],"distractors":[["which","what"]],"solu":["0"],"remarks":[["Corr: which. We need 'which' to refer back to a noun 'car'. We cannot use 'what' to refer to nouns."]]},{"id":2,"sentence":["The trees "," grow in this forest are very rare."],"solutions":["GGG"],"distractors":[["which","what"]],"solu":["0"],"remarks":[["Corr: which. Here we need 'which' to refer back to 'trees'. We cannot use 'what' to refer back to nouns."]]},{"id":3,"sentence":["My father drank "," he'd found in the bottle."],"solutions":["GGG"],"distractors":[["which","what"]],"solu":["1"],"remarks":[["Corr: what. Here 'what' comes immediately after the verb 'drank', so there's no noun to refer back to."]]},{"id":4,"sentence":["I couldn't understand "," they were talking about."],"solutions":["GGG"],"distractors":[["which","what"]],"solu":["1"],"remarks":[["Corr: what. Here 'what' comes immediately after the verb 'understand', so there's no noun to refer back to."]]},{"id":5,"sentence":["He bought a company "," had just gone bankrupt."],"solutions":["GGG"],"distractors":[["which","what"]],"solu":["0"],"remarks":[["Corr: which. We need 'which' to refer back to a noun 'company'. We cannot use 'what' to refer back to nouns."]]},{"id":6,"sentence":["Who suspected "," would happen?"],"solutions":["GGG"],"distractors":[["which","what"]],"solu":["1"],"remarks":[["Corr: what. Here 'what' comes immediately after the verb 'suspected'. There's no noun to refer back to."]]},{"id":7,"sentence":["I'll do "," you want."],"solutions":["GGG"],"distractors":[["which","what"]],"solu":["1"],"remarks":[["Corr: what. Here 'what' comes immediately after the verb 'do', so there's no noun to refer back to."]]},{"id":8,"sentence":["They bought an old cottage "," needed a lot of redecorating."],"solutions":["GGG"],"distractors":[["which","what"]],"solu":["0"],"remarks":[["Corr: which. Here we need 'which' to refer back to a noun 'cottage'. We cannot use 'what' to refer to nouns."]]},{"id":9,"sentence":["They had a program "," could calculated the possibility of a failure."],"solutions":["GGG"],"distractors":[["which","what"]],"solu":["0"],"remarks":[["Corr: which. Here we need 'which' to refer back to a noun 'program'. We cannot use 'what' to refer back to nouns."]]}]}