{"title":"Relative Clauses - Which or What 2","instructions":"Complete the sentences with the appropriate relative pronoun, B1whichB2 or B1whatB2.","weight":"2","exa":null,"type":"0","helps":["RELCLS\/relative_cls_1.html"],"contents":[{"id":0,"sentence":["I don't know "," Tracy sees in Joe. He's a jerk."],"solutions":["GGG"],"distractors":[["which","what"]],"solu":["1"],"remarks":[["Corr: what. Here 'what' comes after the verb 'know', so there's no noun to refer back to."]]},{"id":1,"sentence":["Is it "," makes you so unhappy?"],"solutions":["GGG"],"distractors":[["which","what"]],"solu":["1"],"remarks":[["Corr: what. This sentence is a question, but if we change the word order to normal (It is what makes...), we can see that 'what' comes after the verb 'be', that is, 'is'. So there's no noun to refer back to."]]},{"id":2,"sentence":["Nobody heard the explosion "," killed 300 people."],"solutions":["GGG"],"distractors":[["which","what"]],"solu":["0"],"remarks":[["Corr: which. Here we refer back to a noun 'explosion', so we need 'which'."]]},{"id":3,"sentence":["Could you sum up "," has been said at the meeting so far?"],"solutions":["GGG"],"distractors":[["which","what"]],"solu":["1"],"remarks":[["Corr: what. Here 'what' comes after the verb 'sum up', so there's no noun to refer back to."]]},{"id":4,"sentence":["Everything depends on "," they'll say to our plan."],"solutions":["GGG"],"distractors":[["which","what"]],"solu":["1"],"remarks":[["Corr: what. Here 'what' comes after a verb 'depends on', so there's no noun to refer back to."]]},{"id":5,"sentence":["They bought the house "," looked north, not the one "," looked east."],"solutions":["GGG","GGG"],"distractors":[["which","what"],["which","what"]],"solu":["0-0"],"remarks":[["Corr: which. Here we refer back to a noun 'the house', so we need 'which'."],["Corr: which. Here we refer back to a noun 'the one', so we need 'which'."]]},{"id":6,"sentence":["Why doesn't my daughter do "," I tell her to do?"],"solutions":["GGG"],"distractors":[["which","what"]],"solu":["1"],"remarks":[["Corr: what. Here 'what' comes after the verb 'do', so there's no noun to refer back to and so 'which' wouldn't be correct."]]},{"id":7,"sentence":["He wanted the printer "," could print 16 sheets a minute."],"solutions":["GGG"],"distractors":[["which","what"]],"solu":["0"],"remarks":[["Corr: which. Here we refer back to a noun 'the printer', so we need 'which'."]]},{"id":8,"sentence":["My granny had a box "," played music when you opened it."],"solutions":["GGG"],"distractors":[["which","what"]],"solu":["0"],"remarks":[["Corr: which. Here we refer back to a noun 'a box', so we have to use 'which'."]]},{"id":9,"sentence":["Don't worry about "," the boss told you. Nobody takes him seriously."],"solutions":["GGG"],"distractors":[["which","what"]],"solu":["1"],"remarks":[["Corr: what. Here 'what' comes after the verb 'worry about', so there's no noun to refer back to, and so 'which' wouldn't be correct."]]},{"id":10}]}