{"title":"Relative Clauses which or what","uid":null,"instructions":"Complete the sentences with the relative pronouns, which, that, nothing (---) or what.","type":0,"contents":[{"id":0,"sentence":["This is not "," we agreed about."],"solutions":["GGG"],"distractors":[["which ","that ","what"]],"solu":["2"],"remarks":[["correct: what ","correct: what ","C"]]},{"id":1,"sentence":["The tree into "," we crashed with our car was cut down two days after our accident."],"solutions":["GGG"],"distractors":[["which ","that ","what"]],"solu":["0"],"remarks":[["C ","corr: which. After a preposition don't use that. Only which is good. ","corr: which. The pronoun 'what' cannot refer back to a noun. Here, to the noun 'tree'."]]},{"id":2,"sentence":["We haven't even started the jobs "," should have been finished by now."],"solutions":["GGG"],"distractors":[["that ","what ","who"]],"solu":["0"],"remarks":[["C ","corr: that. 'what' should come after a verb, it can't refer back to a noun, here: the jobs. ","corr: that. 'who' refers to a person, not inanimate objects."]]},{"id":3,"sentence":["The experts "," were on TV last night said that the economy will improve."],"solutions":["GGG"],"distractors":[["what ","who ","which"]],"solu":["1"],"remarks":[["corr: who. 'what' cannot refer to persons like 'experts'. ","C ","corr: who. 'which' cannot refer to person like 'experts'."]]},{"id":4,"sentence":["The book "," sold best last year seems to be great success this year, too."],"solutions":["GGG"],"distractors":[["--- ","that ","what"]],"solu":["1"],"remarks":[["corr: that. We cannot omit the rel. pronoun because not it's the subject of the relative clause. ","C ","corr: that. 'what' cannot refer to nouns, it follows a verb."]]},{"id":5,"sentence":["Was that all "," she wanted?"],"solutions":["GGG"],"distractors":[["what ","which ","that"]],"solu":["2"],"remarks":[["corr: that. 'what' can't refer back to a noun. It follows only verbs. ","corr: that. If there's 'all' in the sentence, 'that' is better than 'which' ","C"]]},{"id":6,"sentence":["The best choice "," he\u2019d ever made was to marry her."],"solutions":["GGG"],"distractors":[["what ","--- ","that"]],"solu":["12"],"remarks":[["corr: that or you can omit the pronoun. ","C ","C"]]},{"id":7,"sentence":["The best offer "," was presented to us was from a foreign company."],"solutions":["GGG"],"distractors":[["--- ","what ","which"]],"solu":["2"],"remarks":[["corr: which. A rel. pronoun is necessary because it is the subject of the realtive clause. ","corr: which. 'what' follows a verb, it can't refer to a noun. ","C"]]},{"id":8,"sentence":["We bought the car "," stood in the shop window."],"solutions":["GGG"],"distractors":[["--- ","who ","which"]],"solu":["2"],"remarks":[["corr: which. We cannot leave out the rel. pronoun because it's the subject of the relative clause. ","corr: which. 'what' cannot follow a noun (the car). ","C"]],"title":"Relative Clauses which or what","instructions":"Complete the sentences with the relative pronouns, which, that, nothing (---) or what."},{"id":9,"sentence":["You should just give the emperor "," he wants."],"solutions":["GGG"],"distractors":[["what ","--- ","which"]],"solu":["0"],"remarks":[["C ","corr: what. The verb give has two objects: 'the emperor' and a noun clause starting with 'what'. ","corr: what. The verb give has two objects: 'the emperor' and a noun clause starting with 'what'."]]}]}