{"assigned":[{"id":"5af9893c34b54","apath":"VOCAB\/INTER\/voc35.json","atitle":"Vocabublary 35","userTipps":null,"correct":"-","date1":"2018-05-14","tipus":3,"viewed":"no","remarks":null,"message":null,"redo":"no","perf":0},{"id":"5b01373b6bde5","apath":"VOCAB\/INTER\/voc36.json","atitle":"Vocabublary 36","userTipps":null,"correct":"-","date1":"2018-05-20","tipus":3,"viewed":"no","remarks":null,"message":null,"redo":"no","perf":0},{"id":"5b0137c23914b","apath":"PASSIVE\/Passive4ten_compl_GAP_1.json","atitle":"Passive Voice Four Tenses - 1","userTipps":null,"correct":"-","date1":"2018-05-20","tipus":"1","viewed":"no","remarks":null,"message":null,"redo":"no","perf":0},{"id":"5b0137c8353bf","apath":"PASSIVE\/Passive4ten_compl_GAP_2.json","atitle":"Passive Voice Four Tenses - 2","userTipps":null,"correct":"-","date1":"2018-05-20","tipus":"1","viewed":"no","remarks":null,"message":null,"redo":"no","perf":0}],"submitted":[],"corrected":[{"id":"5acc817698993","apath":"TENSES\/Pres_Simp_Cont_PastS_Pres_perf_2.json","atitle":"Tenses - four common tenses","userTipps":"wants_bought_don't know_have not seen_phoned_am looking_could not found_have_lost_said_need_are_reading_buy_have read_don't know_","correct":"OK_OK_OK_OK_OK_OK_OK_NO_NO_OK_OK_OK_OK_OK_OK_OK_","date1":"2018-04-12","tipus":"1","viewed":"2018-04-12 13:48:36","remarks":"-_-_-_-_-_-_-_Amikor 'when'-nel k\u00e9rdez\u00fcnk, akkor nem lehet present perfect, mert konkr\u00e9t id\u0151pontra vonatkozik a k\u00e9rd\u00e9s._-Amikor 'when'-nel k\u00e9rdez\u00fcnk, akkor nem lehet present perfect, mert konkr\u00e9t id\u0151pontra vonatkozik a k\u00e9rd\u00e9s._-_-_-_-_-_-_-_","message":"Great job!","redo":"no","perf":1},{"id":"5acf25464d99c","apath":"TENSES\/Pres_Simp_Cont_PastS_Pres_perf_3.json","atitle":"Tenses - four common tenses","userTipps":"do_visit_try_know_lives_see_am travelling_have not visited_have not seen_said_like_has started_did not has_Does_likes_do not know_has not said_came_chatted_seen_drunk_went_explains_are working_","correct":"OK_OK_OK_OK_OK_OK_OK_NO_OK_OK_NO_OK_NO_OK_NO_OK_OK_OK_OK_NO_NO_OK_OK_OK_","date1":"2018-04-12","tipus":"1","viewed":"2018-04-12 13:48:31","remarks":"-_-_-_-_-_-_-_A 'last month' miatt ez ink\u00e1bb past simple._-_-_Csak az 's' az els\u0151 sz\u00e1m harmadik szem\u00e9ly miatt._A 'since' miatt ez a m\u00falt, \u00e9s k\u00f6vetkez\u0151 a pres. perfect._Ez pres. perfect, mert az el\u0151z\u0151 mondatr\u00e9szben volt a 'since'._-_Most nem kell 'likes', el\u00e9g a 'like' a 'does' miatt._-_-_-_-_-_Az ige 2. alakja kell, a 'drunk' harmadik alak._-_-_-_","message":"Great job!","redo":"no","perf":1},{"id":"5acef0bc582d3","apath":"VOCAB\/INTER\/voc31.json","atitle":"Vocabublary 31","userTipps":"0_1_2_3_4_5_6_7_8_9_10_11_","correct":"null","date1":"2018-04-12","tipus":"3","viewed":"2018-04-12 13:48:26","remarks":"-_-_-_-_-_-_-_-_-_-_-_-_","message":"EXCELLENT!","redo":"no","perf":9},{"id":"5ae373187aef3","apath":"VOCAB\/INTER\/voc33.json","atitle":"Vocabublary 33","userTipps":"0_1_2_3_4_5_6_7_8_9_10_11_","correct":"null","date1":"2018-05-02","tipus":"3","viewed":"2018-05-02 15:05:34","remarks":"-_-_-_-_-_-_-_-_-_-_-_-_","message":"EXCELLENT!","redo":"no","perf":9},{"id":"5ad0d3a563d3c","apath":"VOCAB\/INTER\/voc32.json","atitle":"Vocabublary 32","userTipps":"0_1_2_3_4_5_6_7_8_9_10_11_","correct":"null","date1":"2018-05-02","tipus":"3","viewed":"2018-05-02 15:05:37","remarks":"-_-_-_-_-_-_-_-_-_-_-_-_","message":"EXCELLENT!","redo":"no","perf":9},{"id":"5ad0d3d305ac5","apath":"GRAM6\/RepSp_Statements.json","atitle":"Reported Speech - Statements - 1","userTipps":"that we needed to speak._he would try to get up again._that Sue was coming to our place._she had not seen that film._they had already met before._his wife was very happy._that he was going to tell this to my mother._everybody had came to the party._","correct":"OK_OK_OK_OK_OK_OK_NO_OK_","date1":"2018-05-03","tipus":"6","viewed":"2018-05-07 08:28:33","remarks":"-_-_-_-_-_-_-_-_","message":"At 7., it should be 'to his mother'.","redo":"no","perf":1},{"id":"5ad0d3f271e37","apath":"GRAM6\/RepSp_Statements_2.json","atitle":"Reported Speech - Statements - 2","userTipps":"she would never understand poor stupid Bill._Sue had never been to Mexico._Sonia had not slept well._that everybody was working in the garden, except me._Cindy and Bob had been together for 10 years._that they were waiting for me._his daughter was listening to music._he has not been at school._","correct":"OK_OK_OK_OK_OK_OK_OK_NO_","date1":"2018-05-03","tipus":"6","viewed":"2018-05-07 08:28:43","remarks":"-_-_-_-_-_-_-_-_","message":"Great job!","redo":"no","perf":1},{"id":"5ad0d42191108","apath":"GRAM6\/RepSp_Statements_3.json","atitle":"Reported Speech - Statements - 2","userTipps":"she did not like cheese._they would not believe my story._it was very hungry._they had not gone to the party._she had not saved my number._he was going home._she was sorry that she had waken me up too early this morning._he liked whisky, but now he is a beer guy._","correct":"OK_OK_OK_OK_OK_OK_NO_OK_","date1":"2018-05-03","tipus":"6","viewed":"2018-05-07 08:28:47","remarks":"-_-_-_-_-_-_-_-_","message":"","redo":"no","perf":1},{"id":"5aec9bb155e28","apath":"VOCAB\/INTER\/voc34.json","atitle":"Vocabublary 34","userTipps":"0_1_2_3_4_5_6_7_8_9_10_11_","correct":"null","date1":"2018-05-10","tipus":"3","viewed":"2018-05-11 09:44:57","remarks":"-_-_-_-_-_-_-_-_-_-_-_-_","message":"","redo":"no","perf":9},{"id":"5aed8add395eb","apath":"GRAM6\/RepSp_Wh_quest_3.json","atitle":"Reported Speech - Questions 3","userTipps":"how much coffee did i drink._why i had not called him back._when would it stop raining._why my parents could not understand each other._how long i have been in prison._when would this stupid, fucking dog stop barking._why was the bus full of jerks from the jerk team every morning._what i had said._","correct":"NO_OK_NO_OK_NO_NO_NO_OK_","date1":"2018-05-10","tipus":"6","viewed":"2018-05-11 09:45:04","remarks":"-_-_-_-_-_-_-_-_","message":"","redo":"no","perf":1},{"id":"5aed8ad6c6903","apath":"GRAM6\/RepSp_Wh_quest_2.json","atitle":"Reported Speech - Questions 2","userTipps":"who had i seen in the park._what did i want._how long had i been here._where should we go._when i was going to buy a new car._when i could give him back his money._which body part he would chop off._how much money had i gave to the gangster - who chopped off one of my body parts?_","correct":"NO_NO_NO_NO_OK_OK_OK_NO_","date1":"2018-05-10","tipus":"6","viewed":"2018-05-11 09:45:11","remarks":"-_-_-_-_-_-_-_-_","message":"","redo":"no","perf":1},{"id":"5aed8acb564b2","apath":"GRAM6\/RepSp_Wh_quest_1.json","atitle":"Reported Speech - Questions 1","userTipps":"which hotel i had chosen._when they would arrive._what he could do._how long did he have to stay here._who were going to stand in for me while i am away._what i had done last summer._who the hell i was waiting for._which bus took him to Boston._what has she bought in the shops._","correct":"OK_OK_OK_NO_OK_OK_OK_OK_NO_","date1":"2018-05-10","tipus":"6","viewed":"2018-05-11 09:45:23","remarks":"-_-_-_-_-_-_-_-_-_","message":"","redo":"no","perf":1},{"id":"5aec9b76e96e3","apath":"GRAM6\/RepSp_YesNo_3.json","atitle":"Reported Speech - Yes-no Questions 3","userTipps":"if they would ever forgot his mistakes._if he should gave Mia a foot massage._if i mind if she drank from my coke._if he might use my bike._whether Mark had repaired her car._if he had been asleep in the armchair when i arrived home._if this damned code would ever compile._whether we could finish a bit earlier today._if he should put more ice into his whisky._if i was listening to her._","correct":"NO_OK_NO_OK_OK_OK_OK_OK_OK_OK_","date1":"2018-05-10","tipus":"6","viewed":"2018-05-11 09:45:29","remarks":"-_-_-_-_-_-_-_-_-_-_","message":"","redo":"no","perf":1},{"id":"5aec9b71bc533","apath":"GRAM6\/RepSp_YesNo_2.json","atitle":"Reported Speech - Yes-no Questions 2","userTipps":"if i was talking to my mother._whether this dog was barking at us._if the boss had been looking for Tom._if it was raining again._whether i had stolen his umbrella._if i could lend him some money so that he can travel home._if they would tell me if i passed the exam._if we were going to get a pay rise._","correct":"OK_OK_OK_OK_OK_OK_OK_OK_","date1":"2018-05-10","tipus":"6","viewed":"2018-05-11 09:45:38","remarks":"-_-_-_-_-_-_-_-_","message":"","redo":"no","perf":9},{"id":"5aec9b6ca61ef","apath":"GRAM6\/RepSp_YesNo_1.json","atitle":"Reported Speech - Yes-no Questions 1","userTipps":"if my boss would fire me._if i seen his problem._if i was waiting for the rain._if i had said good-bye to George._if i had ever got an electric shock._whether i could give him a lift to the station._if i was jogging in the park at 5._if she had put the baby to bed._if he should help him._if i was going to buy a new car._","correct":"OK_NO_OK_OK_OK_OK_OK_OK_OK_OK_","date1":"2018-05-10","tipus":"6","viewed":"2018-05-11 09:45:45","remarks":"-_-_-_-_-_-_-_-_-_-_","message":"","redo":"no","perf":1}]}