{"assigned":[{"id":"5afdd9465a698","apath":"PRESENT TENSES\/PRES_PERF\/PresPERF_have_ever_1.json","atitle":"Present perfect - have you ever","userTipps":null,"correct":"-","date1":"2018-05-17","tipus":"1","viewed":"no","remarks":null,"message":null,"redo":"no","perf":0},{"id":"5afdd95d0434c","apath":"PRESENT TENSES\/PRES_PERF\/PresPERF_alreadyYet_1.json","atitle":"Present Perfect - Already, Yet 1","userTipps":null,"correct":"-","date1":"2018-05-17","tipus":"1","viewed":"no","remarks":null,"message":null,"redo":"no","perf":0},{"id":"5aff2d9cf2c35","apath":"FUTURE\/BeGoingTo_Will_1.json","atitle":"Expressing Future - be going to or will","userTipps":null,"correct":"-","date1":"2018-05-18","tipus":"0","viewed":"no","remarks":null,"message":null,"redo":"no","perf":0}],"submitted":[],"corrected":[{"id":"5af87c27c0cfc","apath":"PRESENT TENSES\/PresSimp_Cont_GAP_1.json","atitle":"Present Simple or Continuous 1","userTipps":"am waiting_arrive_are_reading_do not read_is having_do_go_am going_do_learn_Do_need_like_go_is raining_","correct":"OK_NO_OK_OK_OK_OK_OK_OK_OK_NO_NO_OK_OK_OK_OK_OK_","date1":"2018-05-16","tipus":"1","viewed":"2018-05-17 09:29:13","remarks":"-_-_-_-_-_-_-_-_-_-_-_-_-_-_-_-_","message":"Good job!","redo":"no","perf":1},{"id":"5af87c2bc482d","apath":"PRESENT TENSES\/PresSimp_Cont_GAP_2.json","atitle":"Present Simple or Continuous 2","userTipps":"get_do_do_do_go_love_am going_does_do_do not know_is waiting_is raining_do not feel_like_are_going_go_Do_need_are redecorating_do not use_","correct":"OK_OK_OK_OK_OK_OK_OK_NO_NO_OK_OK_OK_OK_OK_OK_OK_NO_OK_OK_OK_OK_","date1":"2018-05-16","tipus":"1","viewed":"2018-05-17 09:29:01","remarks":"-_-_-_-_-_-_-_-_-_-_-_-_-_-_-_-_-_-_-_-_-_","message":"","redo":"no","perf":1},{"id":"5af87c2ee940f","apath":"PRESENT TENSES\/PresSimp_Cont_MC_1.json","atitle":"Present Simple or Continuous - 1","userTipps":"1_1_0_0_0_0_1_1_1_0_0_0_0_","correct":"null","date1":"2018-05-16","tipus":"0","viewed":"2018-05-17 09:28:42","remarks":"null","message":"","redo":"no","perf":1},{"id":"5afd5093f12db","apath":"PAST_TENSES\/PastSimple_PastCont_GAP_1.json","atitle":"Past Simple or Past Continuous 1","userTipps":"was walking_started_arrived_was cooking_did not pick_was driving_called_was waiting_came_asked_went_played_did not say_left_was still sleeping_phoned_did not answer_saw_felt_was watching_were_doing_got_was sleeping_","correct":"NO_OK_OK_OK_OK_OK_OK_OK_OK_OK_OK_NO_OK_OK_OK_OK_OK_NO_NO_NO_OK_OK_OK_OK_","date1":"2018-05-17","tipus":"1","viewed":"2018-05-18 11:04:36","remarks":"-_-_-_-_-_-_-_-_-_-_-_-_-_-_-_-_-_-_-_-_-_-_-_-_","message":"","redo":"no","perf":1},{"id":"5afd50ab06914","apath":"PAST_TENSES\/PastSimple_PastCont.json","atitle":"Past Simple or Past Continuous","userTipps":"0_0_1_0_0_0_0_0_1_0_0_0_0_1_1_0_0_0_0_0_1_1_0_0_0_1_","correct":"null","date1":"2018-05-17","tipus":"0","viewed":"2018-05-18 11:03:35","remarks":"null","message":"","redo":"no","perf":1},{"id":"5afdd94da59a3","apath":"PRESENT TENSES\/PRES_PERF\/PresPERF_have_ever_2.json","atitle":"Present perfect - have you ever","userTipps":"didn't take_have been_have never been_have never left_didn't be_has ever told_Have_ever flought_haven't_was_flought_didn't fly_Have_ever drunk_haven't_have never drunk_has never bited_growled_","correct":"NO_NO_OK_OK_NO_OK_OK_NO_OK_OK_NO_NO_OK_OK_OK_OK_NO_OK_","date1":"2018-05-18","tipus":"1","viewed":"no","remarks":"-_-_-_-_-_-_-_-_-_-_-_-_-_-_-_-_-_-_","message":"","redo":"no","perf":1},{"id":"5afd50980f035","apath":"PAST_TENSES\/PastSimple_PastCont_GAP_2.json","atitle":"Past Simple or Past Continuous 2","userTipps":"were having_rung_opened_was looking_wanted_shouted_didn't hear_was cutting_was taking_strated_was going_didn't want_did_break_fell_was skiing_was looking_saw_ate_didn't_broke_watched_didn't say_just went_were_doing_was sleeping_arrived_did_do_watched_","correct":"OK_NO_OK_OK_OK_OK_OK_OK_OK_NO_NO_OK_OK_OK_OK_OK_NO_OK_NO_NO_OK_NO_OK_OK_OK_OK_OK_OK_OK_OK_OK_","date1":"2018-05-18","tipus":"1","viewed":"no","remarks":"-_-_-_-_-_-_-_-_-_-_-_-_-_-_-_-_-_-_-_-_-_-_-_-_-_-_-_-_-_-_-_","message":"","redo":"no","perf":1}]}