{"assigned":[{"id":"5ad0d3e56b42d","apath":"GRAM6\/RepSp_Statements.json","atitle":"Reported Speech - Statements - 1","userTipps":null,"correct":"-","date1":"2018-04-13","tipus":6,"viewed":"no","remarks":null,"message":null,"redo":"no","perf":0},{"id":"5ad0d40ea13d6","apath":"GRAM6\/RepSp_Statements_2.json","atitle":"Reported Speech - Statements - 2","userTipps":null,"correct":"-","date1":"2018-04-13","tipus":6,"viewed":"no","remarks":null,"message":null,"redo":"no","perf":0},{"id":"5ad0d4311ee32","apath":"GRAM6\/RepSp_Statements_3.json","atitle":"Reported Speech - Statements - 2","userTipps":null,"correct":"-","date1":"2018-04-13","tipus":6,"viewed":"no","remarks":null,"message":null,"redo":"no","perf":0},{"id":"5ae37332a0d84","apath":"VOCAB\/INTER\/voc33.json","atitle":"Vocabublary 33","userTipps":null,"correct":"-","date1":"2018-04-27","tipus":3,"viewed":"no","remarks":null,"message":null,"redo":"no","perf":0},{"id":"5aec9b6d17601","apath":"GRAM6\/RepSp_YesNo_1.json","atitle":"Reported Speech - Yes-no Questions 1","userTipps":null,"correct":"-","date1":"2018-05-04","tipus":6,"viewed":"no","remarks":null,"message":null,"redo":"no","perf":0},{"id":"5aec9b71bdc0e","apath":"GRAM6\/RepSp_YesNo_2.json","atitle":"Reported Speech - Yes-no Questions 2","userTipps":null,"correct":"-","date1":"2018-05-04","tipus":6,"viewed":"no","remarks":null,"message":null,"redo":"no","perf":0},{"id":"5aec9b76eac56","apath":"GRAM6\/RepSp_YesNo_3.json","atitle":"Reported Speech - Yes-no Questions 3","userTipps":null,"correct":"-","date1":"2018-05-04","tipus":6,"viewed":"no","remarks":null,"message":null,"redo":"no","perf":0},{"id":"5aec9bb16d5ca","apath":"VOCAB\/INTER\/voc34.json","atitle":"Vocabublary 34","userTipps":null,"correct":"-","date1":"2018-05-04","tipus":3,"viewed":"no","remarks":null,"message":null,"redo":"no","perf":0},{"id":"5aed8acc0ff8d","apath":"GRAM6\/RepSp_Wh_quest_1.json","atitle":"Reported Speech - Questions 1","userTipps":null,"correct":"-","date1":"2018-05-05","tipus":6,"viewed":"no","remarks":null,"message":null,"redo":"no","perf":0},{"id":"5aed8ad6c8af2","apath":"GRAM6\/RepSp_Wh_quest_2.json","atitle":"Reported Speech - Questions 2","userTipps":null,"correct":"-","date1":"2018-05-05","tipus":6,"viewed":"no","remarks":null,"message":null,"redo":"no","perf":0},{"id":"5aed8add3bc5c","apath":"GRAM6\/RepSp_Wh_quest_3.json","atitle":"Reported Speech - Questions 3","userTipps":null,"correct":"-","date1":"2018-05-05","tipus":6,"viewed":"no","remarks":null,"message":null,"redo":"no","perf":0},{"id":"5af9893c7afa4","apath":"VOCAB\/INTER\/voc35.json","atitle":"Vocabublary 35","userTipps":null,"correct":"-","date1":"2018-05-14","tipus":3,"viewed":"no","remarks":null,"message":null,"redo":"no","perf":0},{"id":"5b01373bb21e9","apath":"VOCAB\/INTER\/voc36.json","atitle":"Vocabublary 36","userTipps":null,"correct":"-","date1":"2018-05-20","tipus":3,"viewed":"no","remarks":null,"message":null,"redo":"no","perf":0},{"id":"5b0137c23c7d6","apath":"PASSIVE\/Passive4ten_compl_GAP_1.json","atitle":"Passive Voice Four Tenses - 1","userTipps":null,"correct":"-","date1":"2018-05-20","tipus":"1","viewed":"no","remarks":null,"message":null,"redo":"no","perf":0},{"id":"5b0137c8372a6","apath":"PASSIVE\/Passive4ten_compl_GAP_2.json","atitle":"Passive Voice Four Tenses - 2","userTipps":null,"correct":"-","date1":"2018-05-20","tipus":"1","viewed":"no","remarks":null,"message":null,"redo":"no","perf":0}],"submitted":[],"corrected":[{"id":"5ad0d3c01b0eb","apath":"VOCAB\/INTER\/voc32.json","atitle":"Vocabublary 32","userTipps":"0_1_2_3_4_5_6_7_8_10_9_11_","correct":"null","date1":"2018-04-19","tipus":"3","viewed":"2018-04-19 11:52:37","remarks":"-_-_-_-_-_-_-_-_-_-_-_-_","message":"","redo":"no","perf":1},{"id":"5acf4bb5950e1","apath":"VOCAB\/INTER\/voc31.json","atitle":"Vocabublary 31","userTipps":"0_1_2_3_4_7_6_5_8_9_10_11_","correct":"null","date1":"2018-04-19","tipus":"3","viewed":"2018-04-19 11:52:21","remarks":"-_-_-_-_-_-_-_-_-_-_-_-_","message":"","redo":"no","perf":1},{"id":"5acf4ba7bc263","apath":"TENSES\/Pres_Simp_Cont_PastS_Pres_perf_2.json","atitle":"Tenses - four common tenses","userTipps":"wants_bought_didn't know_haven't seen_phoned_'m looking_haven't found_did_lose_said_need_are_reading_buy_have read_don't know_","correct":"OK_OK_NO_OK_OK_OK_OK_OK_OK_OK_OK_OK_OK_OK_OK_OK_","date1":"2018-04-19","tipus":"1","viewed":"2018-04-19 11:51:59","remarks":"-_-_Ink\u00e1bb jelen id\u0151 kell ide, mert m\u00e9g most sem tudja._-_-_-_-_-_-_-_-_-_-_-_-_-_","message":"Great job!","redo":"no","perf":1},{"id":"5acf4bad70525","apath":"TENSES\/Pres_Simp_Cont_PastS_Pres_perf_3.json","atitle":"Tenses - four common tenses","userTipps":"do_visit_try_know_lives_see_'m traveling_couldn't visit_haven't seen_said_likes_started_haven't had_Does_likes_don't know_haven't said_came_chatted_saw_drank_went_explains_are working_","correct":"OK_OK_OK_OK_OK_OK_OK_OK_OK_NO_OK_OK_NO_OK_NO_OK_NO_OK_OK_OK_OK_OK_OK_OK_","date1":"2018-04-19","tipus":"1","viewed":"2018-04-19 11:50:31","remarks":"-_-_-_-_-_-_-_-_-_-_-_-_Csak hasn't, nem haven't._-_Itt m\u00e1r csak 'like' a 'Does' miatt._-_'hasn't' az egyes sz\u00e1m harmadik szem\u00e9ly miatt._-_-_-_-_-_-_-_","message":"Great job!","redo":"no","perf":1}]}