{"title":"Conditional Sentences - Mix","uid":null,"instructions":"Complete the sentences with the alternative that best completes the sentence.","type":0,"helps":["conditionals_all.html"],"contents":[{"id":0,"sentence":["If I'd known you were in hospital, I "," visited you."],"solutions":["GGG"],"distractors":[["would ","would have ","will have"]],"solu":["1"],"remarks":[["Corr: would have. ","C ","Corr: would have."]]},{"id":1,"sentence":["What "," if you "," in my shoes?"],"solutions":["GGG","GGG"],"distractors":[["will you do ","would you do ","would you have done"],["are ","were ","had been"]],"solu":["2a-2a","1a-1a"],"remarks":[["Corr: would you do or would you have done ","C ","C"],["Corr: were or had been, depending on your first choice ","Corr: had been. ","Corr: were."]]},{"id":2,"sentence":["If you "," English better, you "," that job."],"solutions":["GGG","GGG"],"distractors":[["spoke ","had spoken"],["could get ","could have got"]],"solu":["0a-0a","01a-1a"],"remarks":[["Corr: had spoken ","Corr: spoke"],["Corr: could have ","Corr: could"]]},{"id":3,"sentence":["If I ",", I "," the exam."],"solutions":["GGG","GGG"],"distractors":[["didn't study ","hadn't studied"],["would fail","would have failed"]],"solu":["0a-0a","1a-1a"],"remarks":[["Corr: hadn't studied. ","C"],["Corr: would have. ","C"]]},{"id":4,"sentence":["If I "," some money on me, I "," the book, but I didn't."],"solutions":["GGG","GGG"],"distractors":[["had ","had had"],["would buy ","would have bought"]],"solu":["1-1"],"remarks":[["Corr: had had. ","C"],["Corr: would have bought ","C"]]},{"id":5,"sentence":["If we "," the tickets in advance, we "," to be queuing here, in front of the theatre now."],"solutions":["GGG","GGG"],"distractors":[["bought ","had bought"],["wouldn't have ","wouldn't have had"]],"solu":["1-0"],"remarks":[["Corr: had bought. ","C"],["C ","Corr: wouldn't have"]]},{"id":6,"sentence":["I "," to work abroad if I "," younger."],"solutions":["GGG","GGG"],"distractors":[["will go ","would go ","would have gone"],["am ","were ","had been"]],"solu":["1a-1a","2a-2a"],"remarks":[["Corr: would go or would have gone. ","Corr: would have gone. ","Corr: would go"],["Corr: were or had been. ","Corr: had been. ","Corr: were."]]},{"id":7,"sentence":["If I "," there, too, I "," him on the nose, too. But I wasn't."],"solutions":["GGG","GGG"],"distractors":[["were ","had been"],["would punch ","would have punched"]],"solu":["1-1"],"remarks":[["Corr: had been. We need the 3rd type conditional because we are speaking about the past. ","C"],["Corr: would have punched. We need the 3rd type conditional because we are speaking about the past. ","C"]]},{"id":8,"sentence":["I "," drink a coffee if I ",", but now I don't want."],"solutions":["GGG","GGG"],"distractors":[["will ","would"],["want ","wanted"]],"solu":["0a-0a","1a-1a"],"remarks":[["Corr: would. ","Corr: will."],["Corr: wanted. It's type 2 conditional. ","Corr: want. It's type 1 conditional."]]},{"id":9,"sentence":["I "," be the member of this chorus if I "," a better singing voice and I "," sing well."],"solutions":["GGG","GGG","GGG"],"distractors":[["can ","could"],["have ","had"],["can ","could"]],"solu":["1-1-1"],"remarks":[["Corr: could. We need type 2 conditional here. ","C"],["Corr: had. We need type 2 conditional here. ","C"],["Corr: could. We need type 2 conditional here. ","C"]]}]}