{"title":"Conditionals Type 1 or Type 2 - 1","instructions":"Complete the sentences to make type 1 or type 2 conditional sentences.","weight":"2","exa":null,"type":"1","helps":["conditionals_all.html"],"contents":[{"id":0,"sentence":["If I had more time, I "," (visit) you more often."],"solutions":[["would visit"]],"userTipps":"GGG_GGG_","explain":["Corr: would visit. There's past tense in the if-part, so we need 'would' here."]},{"id":1,"sentence":["They will forgive you if you "," (say) sorry to them."],"solutions":[["say"]],"userTipps":"GGG_GGG_","explain":["Corr: say. There's 'will' in the main clause, so it's type 1 conditional, and so we need present simple in the if-clause."]},{"id":2,"sentence":["How "," you react if your boss wanted to fire you?"],"solutions":[["would"]],"userTipps":"GGG_GGG_","explain":["Corr: would. It's type 2 because there's past in the if-clause, so we need 'would' in the main clause."]},{"id":3,"sentence":["If it "," (be) your birthday, we will celebrate it."],"solutions":[["is"]],"userTipps":"GGG_GGG_","explain":["Corr: is. There's 'will' in the main clause so it's type 1 conditional, so we need present simple in the if-clause."]},{"id":4,"sentence":[""," we stay at home if it rains?"],"solutions":[["Will"]],"userTipps":"GGG_GGG_","explain":["Corr: Will. There's present tense in the if-clause, so it's type 1 conditional and we need 'will' in the main clause."]},{"id":5,"sentence":["If Sean didn't want to work, I "," (fire) him."],"solutions":[["would fire"]],"userTipps":"GGG_GGG_","explain":["Corr: would fire. There's past tense in the if-clause, so it's type 2 conditional, so we need 'would' in the main clause."]},{"id":6,"sentence":["I "," (be) happy and I "," (celebrate) if my son wanted to come back from abroad."],"solutions":[["would be"],["would celebrate"]],"userTipps":"GGG_GGG_GGG_","explain":["Corr: would be. It's type 2 conditional because there is past in the if-clause, so we need 'would' in the main clause.","Corr: would celebrate. It's type 2 conditional because there is past in the if-clause, so we need 'would' in the main clause."]},{"id":7,"sentence":["I "," (be) grateful to him if he put me in the right direction."],"solutions":[["would be"]],"userTipps":"GGG_GGG_","explain":["Corr: would be. There's past tense in the if-clause. (It would be 'puts' if it was present tense.) So we need 'would' in the main clause."]},{"id":8,"sentence":["If you don't play attention, you "," (fail) the exam."],"solutions":[["will fail"]],"userTipps":"GGG_GGG_","explain":["Corr: will fail. There's present tense in the if-clause, so we need 'will' in the main clause."]},{"id":9,"sentence":["If I "," (be) you, I'd start doing exercises."],"solutions":[["were"]],"userTipps":"GGG_GGG_","explain":["Corr: were. There's 'would' in the main clause, so it's type 2 conditional and we need past tense in the if clause. Here we need 'were' in the 'if I were you' fixed phrase."]}]}