{"title":"Vocabulary - 2","instructions":"Complete the sentences with the words below.","weight":"2","exa":null,"type":3,"helps":null,"contents":[{"id":0,"gel":"With  such  great  qualifications","ge2":",  you'll  easily  get  a  job.","ge3":"","go1":"under  your  belt","go2":"","meaning":"a tarsoly\u00e1ban"},{"id":1,"gel":"We  won't  know  if  your  arm  is  broken  or  not  until  an","ge2":"is  made  of  it.","ge3":"","go1":"x-ray","go2":"","meaning":"r\u00f6ntgen"},{"id":2,"gel":"My  son  is  in  hospital.  He  has","ge2":".  I  hope  he'll  get  well  soon.","ge3":"","go1":"pneumonia","go2":"","meaning":"t\u00fcd\u0151gyuszi"},{"id":3,"gel":"Well,  if  you","ge2":"someone,  it'll  be  a  federal  case,  so  the  FBI  will  be  after  you.","ge3":"","go1":"kidnap","go2":"","meaning":"elrabol"},{"id":4,"gel":"'Is  this  film  good?'  'Well,  yes,  it's  good,  but","ge2":"nothing  has  happened.'","ge3":"","go1":"far  so","go2":"","meaning":"eddig, eleddig, mostan\u00e1ig"},{"id":5,"gel":"I  wanted  to  do  everything  perfectly  in  my  new  job,  but  when  I  got  my  first  salary,  my","ge2":"died  down.","ge3":"","go1":"enthusiasm","go2":"","meaning":"lelkesed\u00e9s"},{"id":6,"gel":"The  sun  shines  here  only","ge2":",  so  that's  why  we  sit  out  in  the  patio  at  that  time.","ge3":"","go1":"at  noon","go2":"","meaning":"d\u00e9lben"},{"id":7,"gel":"The","ge2":"was  full,  so  I  just  put  a  bag  of  dirt  next  to  it  and  quickly  left.","ge3":"","go1":"litter  bin","go2":"","meaning":"szemetes, kuka"},{"id":8,"gel":"Since  the  changes  in  the  management,  the","ge2":"of  our  firm  has  started  to  grow.","ge3":"","go1":"stocks","go2":"","meaning":"r\u00e9szv\u00e9nyek"},{"id":9,"gel":"If  you  go  on  just  a  short  holiday,  its  effects  won't  be","ge2":"enough.","ge3":"","go1":"enduring","go2":"","meaning":"tart\u00f3s"},{"id":10,"gel":"The  future  of  the  country  was  at  stake,  yet  the  great","ge2":"of  the  voters  were  not  fully  aware  of  they  were  doing.","ge3":"","go1":"majority","go2":"","meaning":"t\u00f6bbs\u00e9g"}]}