{"title":"Past Simple, Past Continuous or Past Perfect","instructions":"Complete the sentences with the verbs. Use B1past simpleB2, B1past continuousB2 or B1past peferctB2.","weight":"2","exa":null,"type":"0","helps":[""],"contents":[{"id":0,"sentence":["When I "," home, the guests "," all the drinks and "," all the food, and they "," to some stupid music."],"solutions":["GGG","GGG","GGG","GGG"],"distractors":[["arrived","was arriving","had arrived"],["drank","were drinking","had drunk"],["ate","were eating","had eaten"],["danced","were dancing","had danced"]],"solu":["0-2-2-1"],"remarks":[["Corr: arrived. It's past simple, nothing interrupted this action and it didn't happen before anything."],["Corr: had drunk. It's past perfect because it had happened before the speaker arrived home. It can't be continuous because of 'all the drinks', so it is a finished action."],["Corr: had eaten. It's past perfect because it had happened before the speaker arrived home. It can't be continuous because of 'all the food', so it is a finished action."],["Corr: were dansing. This action was in progress when the speaker arrived home."]]},{"id":1,"sentence":["When the boss "," into our office, we "," about last night's football match. He "," very angry, because we ","(not do) any work until then."],"solutions":["GGG","GGG","GGG","GGG"],"distractors":[["entered","was entering","had entered"],["chatted","were chatting","had chatted"],["became","was becoming","had become"],["didn't do","wasn't doing","hadn't done"]],"solu":["0-1-0-2"],"remarks":[["Corr: entered. It's past simple. Nothing interrupted this action and it didn't happen before anything."],["Corr: were chatting. It's past continuous. It was in progress when the boss entered."],["Corr: became. It's past simple because it happened after the boss entered."],["Corr: hadn't done. It's past perfect because it had happened before all the previous actions."]]}]}