{"assigned":[{"id":"5b01373b7b78c","apath":"VOCAB\/INTER\/voc36.json","atitle":"Vocabublary 36","userTipps":null,"correct":"-","date1":"2018-05-20","tipus":3,"viewed":"no","remarks":null,"message":null,"redo":"no","perf":0}],"submitted":[],"corrected":[{"id":"5acc8181e81fd","apath":"TENSES\/Pres_Simp_Cont_PastS_Pres_perf_2.json","atitle":"Tenses - four common tenses","userTipps":"wants_bought_don't know_haven't see_phoned_was looking_didn't find_did_lost_said_need_are_reading_buy_read_don't know_","correct":"OK_OK_OK_NO_OK_NO_NO_OK_NO_OK_OK_OK_OK_OK_NO_OK_","date1":"2018-04-12","tipus":"1","viewed":"2018-04-12 11:15:32","remarks":"-_-_-_This is present perfect, so 3rd form is needed - haven't seen._-_Az\u00e9rt kellene ink\u00e1bb folyamatos jelen, mert m\u00e9g mindig nem tal\u00e1lt munk\u00e1t._Az\u00e9rt presen perfect, mert m\u00e9g mindig nem tal\u00e1lt munk\u00e1t._-_M\u00e1r van 'did' a mondatban, ez\u00e9rt az ige alap alakja kell, nem a m\u00falt idej\u0171 alakja._-_-_-_-_-_Az\u00e9rt pres. perfect, mert hogy eleddig olvasott el 2 oldalt._-_","message":"Good job!","redo":"no","perf":1},{"id":"5acef0c666562","apath":"VOCAB\/INTER\/voc31.json","atitle":"Vocabublary 31","userTipps":"0_1_2_3_4_5_6_7_8_9_10_11_","correct":"null","date1":"2018-04-12","tipus":"3","viewed":"2018-04-12 11:15:26","remarks":"-_-_-_-_-_-_-_-_-_-_-_-_","message":"EXCELLENT!","redo":"no","perf":9},{"id":"5acf254cc5ec0","apath":"TENSES\/Pres_Simp_Cont_PastS_Pres_perf_3.json","atitle":"Tenses - four common tenses","userTipps":"do_visit_try_know_lives_see_am going to travel_didn't visit_haven't seen_said_likes_has started_didn't had_Does_like_don't know_hadn't say_came_chated_saw_drank_went_explains_are working_","correct":"OK_OK_OK_OK_OK_OK_OK_OK_OK_OK_OK_NO_NO_OK_OK_OK_NO_OK_NO_OK_OK_OK_OK_OK_","date1":"2018-04-12","tipus":"1","viewed":"2018-04-12 14:11:36","remarks":"-_-_-_-_-_-_-_-_-_-_-_Ez csak past simple a 'last week' miatt._Ez pres. perfect, ez vonatkozik a 'since' \u00f3ta, mostan\u00e1ig eltelt id\u0151re._-_-_-_-_-_Ha az ige -ed v\u00e9gz\u0151d\u00e9st kap, megkett\u0151z\u0151dik az utols\u00f3 m\u00e1ssalhangz\u00f3, ha el\u0151tt hangs\u00falyos sz\u00f3tag \u00e1ll. Ha egy sz\u00f3tag\u00fa az ige, akkor mindig._-_-_-_-_-_","message":"Great job!","redo":"no","perf":1},{"id":"5ad0d3ac92348","apath":"VOCAB\/INTER\/voc32.json","atitle":"Vocabublary 32","userTipps":"0_1_2_3_4_5_6_7_8_9_10_11_","correct":"null","date1":"2018-04-19","tipus":"3","viewed":"2018-04-19 15:05:29","remarks":"-_-_-_-_-_-_-_-_-_-_-_-_","message":"Perfect job!","redo":"no","perf":9},{"id":"5ad0d426b85bf","apath":"GRAM6\/RepSp_Statements_3.json","atitle":"Reported Speech - Statements - 2","userTipps":"she didn't like cheese._we wouldn't believe my story._he was very hungry._they hadn't gone to the party._she hadn't saved my number._he was going home now._she was sorry that she had woken me up too early this morning._he liked whiskey and still does._","correct":"OK_OK_OK_OK_OK_OK_OK_OK_","date1":"2018-04-19","tipus":"6","viewed":"2018-04-24 09:15:46","remarks":"-_-_-_-_-_-_-_-_","message":"Always say yes to whiskey.","redo":"no","perf":9},{"id":"5ad0d3fa4d908","apath":"GRAM6\/RepSp_Statements_2.json","atitle":"Reported Speech - Statements - 2","userTipps":"she would never understand Bill. He was so stupid._she had never been to Mexico._Sonia hadn't slept well._everybody was working in the garden of Eden._they had been together for 10 years._they were waiting for me._she was listening to music._he hadn't at school._","correct":"OK_OK_OK_OK_OK_OK_OK_NO_","date1":"2018-04-19","tipus":"6","viewed":"2018-04-24 09:15:35","remarks":"-_-_-_-_-_-_-_Csak egy 'been' hi\u00e1nyzott a hadn't ut\u00e1n._","message":"Everybody and the children were working in the garden of Eden.","redo":"no","perf":1},{"id":"5ad0d3d8c7297","apath":"GRAM6\/RepSp_Statements.json","atitle":"Reported Speech - Statements - 1","userTipps":"we needed to speak._he would try it again._she was coming to our place._she hadn't seen that film._they had already met before._his wife was very happy._he was going to tell this to his mother._everybody came to my party._","correct":"OK_OK_OK_OK_OK_OK_OK_NO_","date1":"2018-04-19","tipus":"6","viewed":"2018-04-24 09:15:18","remarks":"-_-_-_-_-_-_-_-_","message":"Great job!","redo":"no","perf":1},{"id":"5ae3731e52d39","apath":"VOCAB\/INTER\/voc33.json","atitle":"Vocabublary 33","userTipps":"0_1_2_3_4_5_6_7_8_9_10_11_","correct":"null","date1":"2018-05-02","tipus":"3","viewed":"2018-05-02 14:01:39","remarks":"-_-_-_-_-_-_-_-_-_-_-_-_","message":"EXCELLENT!","redo":"no","perf":9},{"id":"5ae37345a4a81","apath":"GRAM6\/RepSp_YesNo_1.json","atitle":"Reported Speech - Yes-no Questions 1","userTipps":"if my boss would fire me._if I saw your problem._if we were waiting for the rain._if I had said good-bye to George._if I had ever got an electric shock._if I could give me a lift to the station._if I had been jogging in the park at 5._if she had put the baby to bed._if he should help him._if I was going to buy a new car._","correct":"OK_NO_OK_OK_OK_NO_OK_OK_OK_OK_","date1":"2018-05-02","tipus":"6","viewed":"2018-05-03 11:04:36","remarks":"-_-_-_-_-_-_-_-_-_-_","message":"At sentence 2, w need 'my problem' instead of 'your problem.<br>At 6, we need 'him' instead of me.","redo":"no","perf":1},{"id":"5ae3738d9b0b1","apath":"GRAM6\/RepSp_YesNo_3.json","atitle":"Reported Speech - Yes-no Questions 3","userTipps":"if they would ever forget his mistakes._if he should give her a foot massage or a Royal with cheese to stayin' alive._if I would mind if she drink from my coke._if he might use my bike._if he had repaired her car._if I had been asleep in the armchair when he arrived home._if this damned code would ever compile._if we could finish a bit earlier today._if he should put more ice into my whisky._if I was listening to her._","correct":"OK_OK_NO_OK_OK_NO_OK_OK_NO_OK_","date1":"2018-05-02","tipus":"6","viewed":"2018-05-03 11:03:44","remarks":"-_-_-_-_-_-_-_-_-_-_","message":"At 9., 'into his' whisky, because the brman asks Frank.<br>Good job!","redo":"no","perf":1},{"id":"5ae3736673327","apath":"GRAM6\/RepSp_YesNo_2.json","atitle":"Reported Speech - Yes-no Questions 2","userTipps":"if I was talking to her mother._if this dog was barking at us._if the boss had been looking for Tom._if it was raining again._if I had stolen her umbrella._if I could lend him some money so that he can travel home._if they would tell me if I passed the exam._if we were going to get a pay rise._","correct":"NO_OK_OK_OK_OK_NO_OK_OK_","date1":"2018-05-02","tipus":"6","viewed":"2018-05-03 11:02:59","remarks":"-_-_-_-_-_-_-_-_","message":"Good job!","redo":"no","perf":1},{"id":"5aec9bb1565de","apath":"VOCAB\/INTER\/voc34.json","atitle":"Vocabublary 34","userTipps":"0_1_2_3_4_5_6_7_8_9_10_11_","correct":"null","date1":"2018-05-10","tipus":"3","viewed":"2018-05-11 09:39:49","remarks":"-_-_-_-_-_-_-_-_-_-_-_-_","message":"","redo":"no","perf":9},{"id":"5aed8acb7df43","apath":"GRAM6\/RepSp_Wh_quest_1.json","atitle":"Reported Speech - Questions 1","userTipps":"which hotel I had chosen._when they would arrive here._what he could do._how long he had to stay here._who was going to stand in for me while I was away._what I had done last summer._who the hell I was waiting for._which bus took her to Boston._what she had bought in the shops._","correct":"OK_OK_OK_OK_OK_OK_OK_OK_OK_","date1":"2018-05-10","tipus":"6","viewed":"2018-05-11 09:40:56","remarks":"-_-_-_-_-_-_-_-_-_","message":"","redo":"no","perf":9},{"id":"5aed8ad6c70bf","apath":"GRAM6\/RepSp_Wh_quest_2.json","atitle":"Reported Speech - Questions 2","userTipps":"who I had seen in the park._what I wanted._how long I had been here._where we should go._when I was going to buy a new car._when I could give back his money._which body part should he chop off._how much money I had given to the gangster._","correct":"OK_OK_OK_OK_OK_OK_NO_OK_","date1":"2018-05-10","tipus":"6","viewed":"2018-05-11 09:40:40","remarks":"-_-_-_-_-_-_-_-_","message":"","redo":"no","perf":1},{"id":"5aed8add39bbe","apath":"GRAM6\/RepSp_Wh_quest_3.json","atitle":"Reported Speech - Questions 3","userTipps":"did I drank._why hadn't I called him back._when it would stop raining._why my parents couldn't understand each other._how long I had been in prison._when this fucking dog would stop barking._why the bus was full of the 2nd team every morning?_what I had said._","correct":"NO_NO_OK_OK_OK_OK_OK_OK_","date1":"2018-05-10","tipus":"6","viewed":"2018-05-11 09:40:01","remarks":"-_-_-_-_-_-_-_-_","message":"Great job!","redo":"no","perf":1},{"id":"5af9896b7e9c0","apath":"PASSIVE\/Passive4ten_compl_GAP_1.json","atitle":"Passive Voice Four Tenses - 1","userTipps":"was fired_were cleaned_has been broken_will be repaired_were sent_was stolen_was catched_will be operated_","correct":"OK_OK_OK_OK_OK_OK_NO_OK_","date1":"2018-05-17","tipus":"1","viewed":"2018-05-17 17:49:02","remarks":"-_-_-_-_-_Pres. perf. would be better._-_-_","message":"","redo":"no","perf":1},{"id":"5af98970f38ab","apath":"PASSIVE\/Passive4ten_compl_GAP_2.json","atitle":"Passive Voice Four Tenses - 2","userTipps":"is cleaned_isn't printed_had never been employed_was buried_isn't delivered_will be repaired_was taken_was resuscitated_hasn't been redecorated_","correct":"OK_OK_NO_OK_OK_OK_OK_OK_OK_","date1":"2018-05-17","tipus":"1","viewed":"2018-05-17 17:48:47","remarks":"-_-_-_-_Pres. perf. would be better._-_-_-_-_","message":"Great job!","redo":"no","perf":1},{"id":"5af9893c412d7","apath":"VOCAB\/INTER\/voc35.json","atitle":"Vocabublary 35","userTipps":"0_1_2_3_4_5_6_7_8_9_10_11_","correct":"null","date1":"2018-05-17","tipus":"3","viewed":"2018-05-17 17:48:44","remarks":"-_-_-_-_-_-_-_-_-_-_-_-_","message":"","redo":"no","perf":9}]}