{"title":"Expressing Future - be going to or will","uid":null,"instructions":"Complete the sentences with the verbs in the pop-up box. You will need B1be going toB2 or B1willB2.","type":"0","contents":[{"id":0,"sentence":["'I can't find my pen.' 'Don\u2019t worry. I "," give you another one.'"],"solutions":["GGG"],"distractors":[["'ll ","am going to"]],"solu":["0"],"remarks":[["C ","Corr: 'll. It's a sudden decision, not a plan."]]},{"id":1,"sentence":["'What nice flowers you have got!' 'Yes, I "," give it to Martha. It's her birthday today.'"],"solutions":["GGG"],"distractors":[["'ll ","am going to"]],"solu":["1"],"remarks":[["Corr: am going to. The speaker decided earlier what they are going to do with the flowers. ","C"]]},{"id":2,"sentence":["'Hey, Jack! The phone is ringing!' 'Ok, I "," get it.'"],"solutions":["GGG"],"distractors":[["'ll ","am going to"]],"solu":["0"],"remarks":[["C ","Corr: 'll. This decision wasn't made beforehand."]]},{"id":3,"sentence":["'I "," paint my flat. That's why I've bought so much paint.' 'Now I understand. I "," help you if it's okay for you.'"],"solutions":["GGG","GGG"],"distractors":[["'ll ","am going to"],["'ll ","am going to"]],"solu":["1-0"],"remarks":[["Corr: am going to. It's a plan, decided earlier. ","C"],["C ","Corr: 'll. It's a sudden decision."]]},{"id":4,"sentence":["'And how about your weekend? What "," do?' 'I "," paint the bedroom.'"],"solutions":["GGG","GGG"],"distractors":[["will you ","are you going to"],["'ll ","am going to"]],"solu":["1-1"],"remarks":[["Corr: are you going to. We are asking about the other person's plans for the weekend. ","C"],["Corr: am going to. This is a plan, not a sudden decision. ","C"]]},{"id":5,"sentence":["'Where "," ?' 'To the railway station. I "," visit aunt Mavis in Brighton.'"],"solutions":["GGG","GGG"],"distractors":[["will you go ","are you going"],["'ll ","am going to"]],"solu":["1-1"],"remarks":[["Corr: are you going. We are asking about the person's plan or about the action that is already in progress. ","C"],["Corr: am going to. It's a plan, not a sudden decision. ","C"]]},{"id":6,"sentence":["'Why are you cleaning that cage? You don\u2019t have a parrot.' 'No, I don\u2019t, but I "," buy one.'"],"solutions":["GGG"],"distractors":[["'ll ","am going to"]],"solu":["1"],"remarks":[["Corr: am going to. It's a plan. The person is already cleaning the cage. ","C"]]},{"id":7,"sentence":["Look at those black clouds! It "," rain."],"solutions":["GGG"],"distractors":[["'ll ","is going to"]],"solu":["1"],"remarks":[["Corr: is going to. It's prediction, but there are visible signs that make it sure that it's going to happen. ","C"]]},{"id":8,"sentence":["'Why are they pulling down this old building?' 'Because they "," build a new business centre here.'"],"solutions":["GGG"],"distractors":[["will ","are going to"]],"solu":["1"],"remarks":[["Corr: are going to. It's a plan, not a sudden decision. ","C"]]},{"id":9,"sentence":["'Sorry, but I can't talk now. I\u2019m very busy.' 'Ok, I "," come back later.'"],"solutions":["GGG"],"distractors":[["'ll ","am going to"]],"solu":["0"],"remarks":[["C ","Corr: 'll. It's a decision made in the heat of the moment, so we have to use 'll."]]}]}