{"assigned":[{"id":"5ae99e67ba988","apath":"GRAM6\/RepSp_Statements.json","atitle":"Reported Speech - Statements - 1","userTipps":null,"correct":"-","date1":"2018-05-02","tipus":6,"viewed":"no","remarks":null,"message":null,"redo":"no","perf":0},{"id":"5ae99e75cd5bd","apath":"GRAM6\/RepSp_Statements_2.json","atitle":"Reported Speech - Statements - 2","userTipps":null,"correct":"-","date1":"2018-05-02","tipus":6,"viewed":"no","remarks":null,"message":null,"redo":"no","perf":0},{"id":"5ae99e801a44d","apath":"GRAM6\/RepSp_Statements_3.json","atitle":"Reported Speech - Statements - 2","userTipps":null,"correct":"-","date1":"2018-05-02","tipus":6,"viewed":"no","remarks":null,"message":null,"redo":"no","perf":0},{"id":"5ae99e90a03a1","apath":"GRAM6\/RepSp_YesNo_1.json","atitle":"Reported Speech - Yes-no Questions 1","userTipps":null,"correct":"-","date1":"2018-05-02","tipus":6,"viewed":"no","remarks":null,"message":null,"redo":"no","perf":0},{"id":"5ae99e9a9779d","apath":"GRAM6\/RepSp_YesNo_2.json","atitle":"Reported Speech - Yes-no Questions 2","userTipps":null,"correct":"-","date1":"2018-05-02","tipus":6,"viewed":"no","remarks":null,"message":null,"redo":"no","perf":0},{"id":"5ae99ead44ef4","apath":"GRAM6\/RepSp_YesNo_3.json","atitle":"Reported Speech - Yes-no Questions 3","userTipps":null,"correct":"-","date1":"2018-05-02","tipus":6,"viewed":"no","remarks":null,"message":null,"redo":"no","perf":0},{"id":"5ae99ec5adaf0","apath":"VOCAB\/INTER\/voc31.json","atitle":"Vocabublary 31","userTipps":null,"correct":"-","date1":"2018-05-02","tipus":3,"viewed":"no","remarks":null,"message":null,"redo":"no","perf":0},{"id":"5ae9a196582a6","apath":"VOCAB\/INTER\/voc32.json","atitle":"Vocabublary 32","userTipps":null,"correct":"-","date1":"2018-05-02","tipus":3,"viewed":"no","remarks":null,"message":null,"redo":"no","perf":0},{"id":"5aec9bb18515d","apath":"VOCAB\/INTER\/voc34.json","atitle":"Vocabublary 34","userTipps":null,"correct":"-","date1":"2018-05-04","tipus":3,"viewed":"no","remarks":null,"message":null,"redo":"no","perf":0},{"id":"5aed8acc4ad63","apath":"GRAM6\/RepSp_Wh_quest_1.json","atitle":"Reported Speech - Questions 1","userTipps":null,"correct":"-","date1":"2018-05-05","tipus":6,"viewed":"no","remarks":null,"message":null,"redo":"no","perf":0},{"id":"5aed8ad6c97fa","apath":"GRAM6\/RepSp_Wh_quest_2.json","atitle":"Reported Speech - Questions 2","userTipps":null,"correct":"-","date1":"2018-05-05","tipus":6,"viewed":"no","remarks":null,"message":null,"redo":"no","perf":0},{"id":"5aed8add3c69b","apath":"GRAM6\/RepSp_Wh_quest_3.json","atitle":"Reported Speech - Questions 3","userTipps":null,"correct":"-","date1":"2018-05-05","tipus":6,"viewed":"no","remarks":null,"message":null,"redo":"no","perf":0},{"id":"5af9893c9a632","apath":"VOCAB\/INTER\/voc35.json","atitle":"Vocabublary 35","userTipps":null,"correct":"-","date1":"2018-05-14","tipus":3,"viewed":"no","remarks":null,"message":null,"redo":"no","perf":0},{"id":"5af9896b7f6f2","apath":"PASSIVE\/Passive4ten_compl_GAP_1.json","atitle":"Passive Voice Four Tenses - 1","userTipps":null,"correct":"-","date1":"2018-05-14","tipus":"1","viewed":"no","remarks":null,"message":null,"redo":"no","perf":0},{"id":"5af98971002eb","apath":"PASSIVE\/Passive4ten_compl_GAP_2.json","atitle":"Passive Voice Four Tenses - 2","userTipps":null,"correct":"-","date1":"2018-05-14","tipus":"1","viewed":"no","remarks":null,"message":null,"redo":"no","perf":0},{"id":"5b01373bcd4f6","apath":"VOCAB\/INTER\/voc36.json","atitle":"Vocabublary 36","userTipps":null,"correct":"-","date1":"2018-05-20","tipus":3,"viewed":"no","remarks":null,"message":null,"redo":"no","perf":0}],"submitted":null,"corrected":null}