{"assigned":[{"id":"5a79b54bd1e53","apath":"FUTURE\/Will_prediction_1.json","atitle":"Expressing Future - will for prediction vs plans","userTipps":null,"correct":"-","date1":"2018-02-06","tipus":"0","viewed":"no","remarks":null,"message":null},{"id":"5a79b57d3f5d9","apath":"PAST_TENSES\/PastSimple_PastCont.json","atitle":"Past Simple or Past Continuous","userTipps":null,"correct":"-","date1":"2018-02-06","tipus":0,"viewed":"no","remarks":null,"message":null},{"id":"5a79b58184a14","apath":"PAST_TENSES\/PastPerfSimp_PastSimple.json","atitle":"Past Simple or Past Perfect","userTipps":null,"correct":"-","date1":"2018-02-06","tipus":"0","viewed":"no","remarks":null,"message":null},{"id":"5a79b584da805","apath":"VONALAS\/Present_Perfect_For_Since_Simple_1.json","atitle":"Present Perfect or Past Simple","userTipps":null,"correct":"-","date1":"2018-02-06","tipus":1,"viewed":"no","remarks":null,"message":null},{"id":"5a79b6c3d699f","apath":"RELATIVE_CLS\/which_what_1.json","atitle":"Relative Clauses which or what","userTipps":null,"correct":"-","date1":"2018-02-06","tipus":0,"viewed":"no","remarks":null,"message":null},{"id":"5a8ee531b8a53","apath":"FUTURE\/Conti_or_Perf.json","atitle":"Expressing Future - be going to or will","userTipps":null,"correct":"-","date1":"2018-02-22","tipus":"0","viewed":"no","remarks":null,"message":null}],"submitted":[],"corrected":[{"id":"5a79b4e4ebeb2","apath":"VOCAB\/Tenses-1.json","atitle":"Tenses - 1","userTipps":"0_1_2_3_","correct":"null","date1":"2018-02-06","tipus":"3","viewed":"yes","remarks":"-_-_-_-_","message":""},{"id":"5a79b4eb071f0","apath":"VOCAB\/Tenses-2.json","atitle":"Tenses - 2","userTipps":"0_1_2_4_3_","correct":"null","date1":"2018-02-06","tipus":"3","viewed":"yes","remarks":"-_-_-_-_-_","message":""},{"id":"5a79b4f29f920","apath":"VOCAB\/Tenses-3.json","atitle":"Tenses - 3","userTipps":"0_1_2_3_4_","correct":"null","date1":"2018-02-06","tipus":"3","viewed":"yes","remarks":"-_-_-_-_-_","message":"Great job, Cheng."},{"id":"5a79b4f818b16","apath":"VOCAB\/Tenses-4.json","atitle":"Tenses - 4","userTipps":"0_1_2_3_","correct":"null","date1":"2018-02-06","tipus":"3","viewed":"yes","remarks":"-_-_-_-_","message":"Great job, Cheng."},{"id":"5a79b4fd09fa1","apath":"VOCAB\/Tenses-5.json","atitle":"Tenses - 5","userTipps":"0_1_2_3_4_","correct":"null","date1":"2018-02-06","tipus":"3","viewed":"yes","remarks":"-_-_-_-_-_","message":"Great job, Cheng."},{"id":"5a79b5025b55c","apath":"VOCAB\/Tenses-6.json","atitle":"Tenses - 6","userTipps":"0_1_2_3_4_","correct":"null","date1":"2018-02-06","tipus":"3","viewed":"yes","remarks":"-_-_-_-_-_","message":"Fasza, Cheng."},{"id":"5a79b52eda173","apath":"FUTURE\/BeGoingTo_Will_1.json","atitle":"Expressing Future - be going to or will","userTipps":"0_1_0_1_0_1_1_1_1_1_1_1_0_","correct":"null","date1":"2018-02-06","tipus":"0","viewed":"yes","remarks":"null","message":"Fasza, Cheng."},{"id":"5a79b538b2d59","apath":"FUTURE\/BeGoingTo_Will_1.json","atitle":"Expressing Future - be going to or will","userTipps":"0_1_0_1_0_1_1_1_1_1_1_1_0_","correct":"null","date1":"2018-02-06","tipus":"0","viewed":"yes","remarks":"null","message":"Fasza, Cheng."},{"id":"5a8ee5695200d","apath":"GRAM5\/Future.json","atitle":"Future","userTipps":"will have left_will have done_will have found_will be earning_will be driving_won't be  living_will be sharing_will be going out_won't have got married_","correct":"OK_OK_OK_OK_OK_OK_OK_OK_OK_","date1":"2018-02-22","tipus":"5","viewed":"2018-02-22 17:07:03","remarks":"-_-_-_-_-_-_-_-_-_","message":"Excellent."}]}